-- MySQL dump 10.13  Distrib 8.0.23, for Linux (x86_64)
--
-- Host: localhost    Database: petmall_db
-- ------------------------------------------------------
-- Server version	8.0.23-0ubuntu0.20.10.1

/*!40101 SET @OLD_CHARACTER_SET_CLIENT=@@CHARACTER_SET_CLIENT */;
/*!40101 SET @OLD_CHARACTER_SET_RESULTS=@@CHARACTER_SET_RESULTS */;
/*!40101 SET @OLD_COLLATION_CONNECTION=@@COLLATION_CONNECTION */;
/*!50503 SET NAMES utf8mb4 */;
/*!40103 SET @OLD_TIME_ZONE=@@TIME_ZONE */;
/*!40103 SET TIME_ZONE='+00:00' */;
/*!40014 SET @OLD_UNIQUE_CHECKS=@@UNIQUE_CHECKS, UNIQUE_CHECKS=0 */;
/*!40014 SET @OLD_FOREIGN_KEY_CHECKS=@@FOREIGN_KEY_CHECKS, FOREIGN_KEY_CHECKS=0 */;
/*!40101 SET @OLD_SQL_MODE=@@SQL_MODE, SQL_MODE='NO_AUTO_VALUE_ON_ZERO' */;
/*!40111 SET @OLD_SQL_NOTES=@@SQL_NOTES, SQL_NOTES=0 */;

--
-- Table structure for table `clientes`
--

DROP TABLE IF EXISTS `clientes`;
/*!40101 SET @saved_cs_client     = @@character_set_client */;
/*!50503 SET character_set_client = utf8mb4 */;
CREATE TABLE `clientes` (
  `data_cadastro` date DEFAULT NULL,
  `data_modificacao` date DEFAULT NULL,
  `id_cliente` int NOT NULL AUTO_INCREMENT,
  `id_cliente_responsavel` int DEFAULT NULL,
  `id_status` int DEFAULT NULL,
  PRIMARY KEY (`id_cliente`),
  KEY `id_cliente_responsavel` (`id_cliente_responsavel`),
  KEY `id_status` (`id_status`),
  CONSTRAINT `clientes_ibfk_2` FOREIGN KEY (`id_cliente_responsavel`) REFERENCES `clientes` (`id_cliente`),
  CONSTRAINT `clientes_ibfk_3` FOREIGN KEY (`id_status`) REFERENCES `clientes_status` (`id_status`)
) ENGINE=InnoDB AUTO_INCREMENT=101 DEFAULT CHARSET=utf8mb4 COLLATE=utf8mb4_0900_ai_ci;
/*!40101 SET character_set_client = @saved_cs_client */;

--
-- Dumping data for table `clientes`
--

LOCK TABLES `clientes` WRITE;
/*!40000 ALTER TABLE `clientes` DISABLE KEYS */;
INSERT INTO `clientes` VALUES ('1985-12-30','1973-02-04',1,55,1),('1999-09-11','2006-11-04',2,NULL,1),('2011-03-10','2002-01-31',3,98,1),('1980-05-29','1996-11-21',4,57,1),('1997-07-15','1998-02-08',5,NULL,1),('1987-10-06','2015-03-22',6,NULL,1),('1971-04-14','2001-02-01',7,79,1),('1987-09-21','1983-12-27',8,NULL,1),('1993-11-01','2015-12-22',9,NULL,1),('2016-10-09','1987-06-24',10,NULL,1),('1979-12-12','2007-02-06',11,NULL,1),('1990-12-07','2019-02-19',12,NULL,1),('1987-05-29','2015-01-11',13,NULL,1),('2002-04-13','1975-07-10',14,NULL,1),('1974-09-29','1993-05-22',15,NULL,1),('2018-01-18','2004-03-30',16,NULL,1),('2010-08-04','2011-01-23',17,NULL,1),('2015-03-31','1975-09-11',18,72,1),('2006-03-07','1980-12-19',19,NULL,1),('2003-01-15','2005-06-18',20,NULL,1),('1973-12-16','1985-06-09',21,47,1),('1974-05-14','2017-04-27',22,NULL,1),('1994-08-31','2009-01-22',23,NULL,1),('2015-07-23','2009-10-25',24,96,1),('1994-10-07','2018-10-21',25,NULL,1),('1987-07-27','1985-09-11',26,28,1),('2002-10-12','1982-03-12',27,29,1),('1983-11-25','1999-11-27',28,NULL,1),('2002-07-22','1997-12-03',29,NULL,1),('1972-06-13','1991-06-23',30,62,1),('2003-09-20','1974-08-16',31,NULL,1),('2004-11-18','1999-03-11',32,NULL,1),('1992-12-03','1985-02-07',33,68,1),('1978-02-23','2007-04-26',34,40,1),('1989-11-17','1981-08-19',35,53,1),('1974-09-06','1986-03-28',36,NULL,1),('2010-12-31','2017-10-28',37,87,1),('2006-02-28','2009-12-19',38,78,1),('1999-01-08','1974-01-28',39,NULL,1),('1984-11-16','1997-09-12',40,NULL,1),('2018-10-22','1992-06-26',41,NULL,1),('1981-10-11','2012-11-04',42,11,1),('1976-12-12','1976-03-07',43,NULL,1),('2003-06-22','1985-06-01',44,NULL,1),('2016-03-30','1986-03-02',45,83,1),('1971-03-28','2005-08-05',46,8,1),('1991-10-02','1974-09-05',47,NULL,1),('1974-02-13','1976-05-11',48,23,1),('1993-03-24','1991-09-22',49,NULL,1),('2012-01-28','1983-09-10',50,NULL,1),('1998-07-24','1981-11-28',51,NULL,1),('2013-05-13','1996-12-19',52,15,1),('1974-08-07','2001-01-22',53,NULL,1),('2006-09-02','1985-01-23',54,41,1),('2003-07-06','1984-12-25',55,NULL,1),('1988-10-10','1991-02-23',56,NULL,1),('1978-02-08','2000-03-04',57,NULL,1),('1972-01-23','1991-07-21',58,94,1),('2019-10-03','1993-12-01',59,NULL,1),('1993-06-14','1979-07-31',60,64,1),('1996-07-15','1987-05-27',61,NULL,1),('1976-04-30','1989-02-24',62,NULL,1),('1997-12-02','2017-08-26',63,NULL,1),('2012-07-13','2014-12-20',64,NULL,1),('2004-10-20','1988-11-26',65,70,1),('1996-11-23','2013-01-16',66,NULL,1),('2005-11-03','2008-08-05',67,NULL,1),('1975-11-14','1979-07-26',68,NULL,1),('1985-09-05','1974-05-06',69,NULL,1),('1990-04-21','1977-01-11',70,NULL,1),('1982-07-02','1971-11-03',71,NULL,1),('1993-02-10','1983-09-07',72,NULL,1),('1975-06-25','1973-02-20',73,NULL,1),('2019-08-14','2011-05-15',74,NULL,1),('2017-07-08','1983-06-29',75,NULL,1),('2009-09-23','1993-01-27',76,NULL,1),('1987-12-08','1979-12-22',77,NULL,1),('2000-11-17','1971-05-14',78,NULL,1),('2005-05-07','2005-08-19',79,NULL,1),('1990-01-03','1996-11-16',80,NULL,1),('1987-08-22','1998-09-09',81,80,1),('1999-08-16','1972-05-10',82,17,1),('2018-05-19','2017-03-16',83,NULL,1),('2020-03-12','2012-05-31',84,NULL,1),('1979-10-24','1975-04-25',85,NULL,1),('1994-09-12','2004-06-06',86,NULL,1),('1973-06-21','2007-05-03',87,NULL,1),('1981-08-16','2008-04-17',88,74,1),('2017-02-11','1985-02-09',89,NULL,1),('1983-07-25','1987-09-16',90,49,1),('2015-03-02','2012-02-22',91,10,1),('2009-06-12','2008-03-18',92,NULL,1),('2007-06-15','1975-01-12',93,NULL,1),('2012-08-30','2012-07-25',94,NULL,1),('1995-10-08','2006-10-06',95,NULL,1),('1978-09-02','2010-02-05',96,NULL,1),('1989-10-03','2016-12-06',97,99,1),('1990-03-07','2016-08-21',98,NULL,1),('1978-12-21','2018-03-02',99,NULL,1),('1980-08-15','1978-11-16',100,NULL,1);
/*!40000 ALTER TABLE `clientes` ENABLE KEYS */;
UNLOCK TABLES;

--
-- Table structure for table `clientes_pets`
--

DROP TABLE IF EXISTS `clientes_pets`;
/*!40101 SET @saved_cs_client     = @@character_set_client */;
/*!50503 SET character_set_client = utf8mb4 */;
CREATE TABLE `clientes_pets` (
  `id_cliente_pet` int NOT NULL AUTO_INCREMENT,
  `id_pet` int DEFAULT NULL,
  `id_cliente` int DEFAULT NULL,
  PRIMARY KEY (`id_cliente_pet`),
  KEY `id_pet` (`id_pet`),
  KEY `id_cliente` (`id_cliente`),
  CONSTRAINT `clientes_pets_ibfk_1` FOREIGN KEY (`id_pet`) REFERENCES `pets` (`id_pet`),
  CONSTRAINT `clientes_pets_ibfk_3` FOREIGN KEY (`id_cliente`) REFERENCES `clientes` (`id_cliente`)
) ENGINE=InnoDB AUTO_INCREMENT=121 DEFAULT CHARSET=utf8mb4 COLLATE=utf8mb4_0900_ai_ci;
/*!40101 SET character_set_client = @saved_cs_client */;

--
-- Dumping data for table `clientes_pets`
--

LOCK TABLES `clientes_pets` WRITE;
/*!40000 ALTER TABLE `clientes_pets` DISABLE KEYS */;
INSERT INTO `clientes_pets` VALUES (1,1,69),(2,2,25),(3,3,17),(4,4,86),(5,5,41),(6,6,79),(7,7,11),(8,8,12),(9,9,1),(10,10,62),(11,11,78),(12,12,15),(13,13,49),(14,14,10),(15,15,56),(16,16,26),(17,17,84),(18,18,77),(19,19,22),(20,20,7),(21,21,45),(22,22,46),(23,23,34),(24,24,28),(25,25,38),(26,26,96),(27,27,4),(28,28,57),(29,29,91),(30,30,61),(31,31,51),(32,32,63),(33,33,92),(34,34,21),(35,35,23),(36,36,9),(37,37,93),(38,38,70),(39,39,3),(40,40,99),(41,41,64),(42,42,55),(43,43,80),(44,44,5),(45,45,58),(46,46,50),(47,47,13),(48,48,43),(49,49,60),(50,50,95),(51,51,48),(52,52,37),(53,53,53),(54,54,68),(55,55,54),(56,56,100),(57,57,83),(58,58,76),(59,59,8),(60,60,67),(61,61,39),(62,62,73),(63,63,31),(64,64,82),(65,65,72),(66,66,97),(67,67,74),(68,68,66),(69,69,14),(70,70,42),(71,71,18),(72,72,19),(73,73,90),(74,74,20),(75,75,94),(76,76,88),(77,77,65),(78,78,98),(79,79,47),(80,80,44),(81,81,81),(82,82,16),(83,83,89),(84,84,59),(85,85,52),(86,86,85),(87,87,30),(88,88,71),(89,89,32),(90,90,24),(91,91,6),(92,92,35),(93,93,33),(94,94,40),(95,95,29),(96,96,27),(97,97,87),(98,98,75),(99,99,2),(100,100,36),(101,101,85),(102,102,29),(103,103,72),(104,104,44),(105,105,22),(106,106,64),(107,107,1),(108,108,38),(109,109,49),(110,110,14),(111,111,28),(112,112,41),(113,113,66),(114,114,29),(115,115,59),(116,116,84),(117,117,3),(118,118,57),(119,119,99),(120,120,82);
/*!40000 ALTER TABLE `clientes_pets` ENABLE KEYS */;
UNLOCK TABLES;

--
-- Table structure for table `clientes_status`
--

DROP TABLE IF EXISTS `clientes_status`;
/*!40101 SET @saved_cs_client     = @@character_set_client */;
/*!50503 SET character_set_client = utf8mb4 */;
CREATE TABLE `clientes_status` (
  `id_status` int NOT NULL AUTO_INCREMENT,
  `descricao` varchar(200) DEFAULT NULL,
  `data_cadastro` date DEFAULT NULL,
  PRIMARY KEY (`id_status`)
) ENGINE=InnoDB AUTO_INCREMENT=4 DEFAULT CHARSET=utf8mb4 COLLATE=utf8mb4_0900_ai_ci;
/*!40101 SET character_set_client = @saved_cs_client */;

--
-- Dumping data for table `clientes_status`
--

LOCK TABLES `clientes_status` WRITE;
/*!40000 ALTER TABLE `clientes_status` DISABLE KEYS */;
INSERT INTO `clientes_status` VALUES (1,'Ativo','2021-04-08'),(2,'Inativo','2021-04-08'),(3,'Anonimizado','2021-04-08');
/*!40000 ALTER TABLE `clientes_status` ENABLE KEYS */;
UNLOCK TABLES;

--
-- Table structure for table `dados_pessoais`
--

DROP TABLE IF EXISTS `dados_pessoais`;
/*!40101 SET @saved_cs_client     = @@character_set_client */;
/*!50503 SET character_set_client = utf8mb4 */;
CREATE TABLE `dados_pessoais` (
  `id_dado_pessoal` int NOT NULL AUTO_INCREMENT,
  `id_cliente` int NOT NULL DEFAULT '0',
  `nome` varchar(100) DEFAULT NULL,
  `cpf` varchar(11) NOT NULL,
  `rg` varchar(9) DEFAULT NULL,
  `telefone` varchar(10) DEFAULT NULL,
  `celular` varchar(11) DEFAULT NULL,
  `data_nascimento` date DEFAULT NULL,
  `sexo` tinyint(1) DEFAULT NULL,
  `renda` decimal(6,2) DEFAULT NULL,
  PRIMARY KEY (`id_dado_pessoal`),
  KEY `id_cliente` (`id_cliente`),
  CONSTRAINT `dados_pessoais_ibfk_1` FOREIGN KEY (`id_cliente`) REFERENCES `clientes` (`id_cliente`)
) ENGINE=InnoDB AUTO_INCREMENT=128 DEFAULT CHARSET=utf8mb4 COLLATE=utf8mb4_0900_ai_ci;
/*!40101 SET character_set_client = @saved_cs_client */;

--
-- Dumping data for table `dados_pessoais`
--

LOCK TABLES `dados_pessoais` WRITE;
/*!40000 ALTER TABLE `dados_pessoais` DISABLE KEYS */;
INSERT INTO `dados_pessoais` VALUES (1,1,'Sr. João Guilherme Jesus','02418639703','273406152','1927825880','41983902552','1970-02-07',1,3764.26),(2,2,'Juan Correia','04371698204','160253470','1934073810','31943479769','2008-05-31',1,9459.51),(3,3,'Luna Cunha','05831946215','678213549','1906618490','31916558960','2020-02-25',1,6895.74),(4,4,'Clara Lima','07192364878','037184623','1966636879','31923441000','2009-01-26',0,9911.40),(5,5,'Bryan Mendes','08617324996','481305270','1918968310','31981841980','1972-06-29',0,1586.47),(6,6,'Maria Cecília Dias','08914263533','513784020','1909569225','31918274455','1975-01-28',0,3789.34),(7,7,'Raquel Araújo','12307586903','510632841','1975325200','81918314424','1971-03-29',1,2540.71),(8,8,'Ana Júlia Vieira','14068957339','640518230','1944559310','31992398547','2020-08-19',1,6233.10),(9,9,'Juliana Freitas','15604879339','640721850','1931266359','84995679060','1981-08-11',1,9841.75),(10,10,'João Vitor Cardoso','16302895405','720581436','1965083235','84945538988','1980-09-09',0,5597.27),(11,11,'Bruno da Paz','17204956370','062135788','1923104483','31909946573','1981-06-30',1,8120.29),(12,12,'Luana Gomes','18257309621','360284176','1954229264','84974636611','1991-05-25',1,1326.15),(13,13,'Dra. Maitê da Mata','18267904549','587130246','4955314278','51972718648','1970-03-10',1,7766.51),(14,14,'Luiz Miguel Peixoto','18609275302','162348757','1945914451','81983434923','1978-07-30',0,4345.17),(15,15,'Julia Porto','18963524051','531702686','4949958485','84962498212','1971-11-04',1,3737.16),(16,16,'Catarina Freitas','19062453805','632715807','1953678523','84950441031','1991-08-02',1,8472.82),(17,17,'Rafael Campos','21950634752','142563808','1968533340','71980704609','1973-09-09',1,5889.31),(18,18,'Srta. Clarice Cunha','23740918640','637108528','4935748441','31934547929','1980-02-06',1,2622.11),(19,19,'Bernardo Oliveira','24935701897','513407868','1952365872','84913704012','1990-10-07',1,1110.65),(20,20,'Maria Julia Lopes','26549087120','470853128','1961976366','71939169326','1978-10-03',1,8446.84),(21,21,'Lucca Gonçalves','27856103930','42710368X','1929983641','51988853798','1995-10-30',0,8328.27),(22,22,'Miguel Porto','28159706359','543781203','1928640898','41915638677','1973-03-12',1,6103.25),(23,23,'Dr. Gabriel Ramos','28679130478','64873125X','4949879862','81936383850','1971-09-05',1,3485.81),(24,24,'João Gabriel Azevedo','29708356140','237041856','1964577602','81986100507','2003-09-16',0,8395.10),(25,25,'Dr. Paulo Moreira','30867294140','713026455','1926470606','11938981918','1995-05-04',1,6306.11),(26,26,'Raquel Fernandes','31685974066','364082756','1965218119','84987572830','1989-07-18',0,5704.32),(27,27,'Catarina da Conceição','36429780104','761230580','1901254259','61961189850','1985-10-04',0,3129.54),(28,28,'Maria Luiza Dias','37298041541','458073210','1949147287','31984554523','1990-02-20',0,9427.90),(29,29,'João Gabriel Nunes','38209457683','826743018','1994347999','61978465169','1979-03-07',0,5205.80),(30,30,'Ian Rodrigues','38246190598','473218057','1987731594','51972938137','2007-10-06',0,8600.64),(31,31,'Evelyn da Paz','39217485004','714625838','1932901074','21986719366','1977-01-10',1,7439.12),(32,32,'Luiz Miguel Silva','42517890676','761203588','1950169455','41969153656','1997-03-31',0,5583.14),(33,33,'Benjamin Moura','43508921760','186347054','4904970942','11954562412','2009-04-25',1,1543.68),(34,34,'Leonardo Santos','43957801214','081436579','1901480387','84996221535','1980-07-09',1,3903.07),(35,35,'Esther Fernandes','45632708144','521763484','1945814589','31958894170','1988-02-23',0,5806.82),(36,36,'Catarina Pires','45917836000','135802477','4944970791','81981364154','1973-03-20',1,3323.94),(37,37,'Bryan da Paz','46238075171','15206784X','1931745250','31968987004','2012-04-06',0,5499.90),(38,38,'Catarina Alves','46713589219','253061477','1936205076','51927312853','2020-08-20',1,4392.76),(39,39,'Pedro Farias','46728109331','730561422','1901355813','51914311173','2017-06-03',1,6771.54),(40,40,'Noah Rocha','46852713946','783650140','1923031774','31946388972','1981-12-05',1,5155.78),(41,41,'Calebe Freitas','47521836090','648372108','4998075781','84903031166','1994-12-04',1,7214.39),(42,42,'Larissa Nogueira','48073562162','285134073','1910594636','61921386454','2020-07-30',0,9939.95),(43,43,'Vinicius Ribeiro','48539162709','071564329','1955033255','84956198548','1976-05-22',1,6456.82),(44,44,'Olivia Campos','48629507101','501348761','1969991929','71970299894','2020-10-19',0,7215.40),(45,45,'Giovanna Cardoso','48932715041','245837619','1961249949','71933693485','1995-03-27',1,7325.36),(46,46,'Sr. Kaique Teixeira','49638205105','140268534','1923357556','41906989117','1980-02-16',0,8108.52),(47,47,'Laura Fernandes','50389712612','278354609','1938998110','81905568673','2000-04-15',1,5975.83),(48,48,'Danilo da Costa','51079238441','10876543X','4929513404','21995846078','1981-02-28',1,7476.32),(49,49,'Juliana Viana','51247896030','645720136','1946089714','31974206600','2013-02-14',0,9764.37),(50,50,'Sra. Gabrielly Moreira','51674809220','417258069','1963425652','11910091864','1971-01-16',0,8754.67),(51,51,'Pietro Novaes','52037918488','784630525','1952821756','31916993130','1991-02-25',1,8758.36),(52,52,'Marcela Costa','52108476326','268357407','1976032008','41958418454','2018-06-01',0,5662.68),(53,53,'Bruna Lima','53261487909','162035482','1959603080','71926176897','2010-04-08',0,9146.01),(54,54,'Pedro Henrique Costa','53416890205','357184026','1970002169','21985010760','1970-04-07',0,9000.96),(55,55,'Sofia Carvalho','54186072353','370615487','1999874491','11910288583','2010-08-17',0,3812.76),(56,56,'Isabel da Costa','54708269102','72538461X','1941740378','81940484937','1995-08-17',0,1622.40),(57,57,'Sr. Davi Luiz Melo','54896723155','165487306','1916350029','31977603855','1987-05-16',0,1117.08),(58,58,'Leonardo Lima','56784931246','65178430X','1913260029','81915913956','2012-02-06',0,3097.56),(59,59,'Dr. Luiz Felipe Freitas','56970814300','38407652X','1929844240','31952541163','2001-06-30',1,3402.92),(60,60,'Kaique Alves','57143069299','715062384','1929223640','84998986633','2001-01-06',1,9581.38),(61,61,'Sarah Pires','57408963120','861345022','1980521924','71975318869','2008-07-03',0,7847.26),(62,62,'Felipe Farias','57943801601','804173254','4959596906','51959921859','2000-06-17',1,3474.19),(63,63,'Davi Luiz Dias','58934021624','576402813','1993994726','41927195251','2008-03-09',0,7614.10),(64,64,'Maria Clara Oliveira','59436218060','16074832X','1959761380','81925664831','2008-02-15',0,4047.67),(65,65,'Sra. Ana Vitória Teixeira','61574802976','278156344','1952850247','84938579164','2020-04-09',1,2851.19),(66,66,'Fernanda Fogaça','62840719576','453712083','1959310009','51910794244','2002-06-19',1,9304.27),(67,67,'Cauê Ramos','62870394500','812630452','1983897218','31989871243','1999-08-22',1,7526.97),(68,68,'João Felipe Almeida','68542391764','286350476','1977362931','84932867412','1995-09-04',0,6921.28),(69,69,'Murilo Rocha','71094653810','618740326','1921751801','41925649645','2000-07-24',1,2539.14),(70,70,'Evelyn da Mota','71432865080','810523462','1959142475','81954575890','2013-05-18',1,1256.92),(71,71,'Guilherme Costa','72645391800','613805276','1902490143','11924811002','2005-09-17',0,7626.00),(72,72,'Sr. Benjamin Melo','73086541920','402163874','1937834813','84905644883','1980-01-02',0,6459.93),(73,73,'Natália Azevedo','73129460543','740236817','1967690537','61986261831','1995-04-20',1,5504.65),(74,74,'Bianca Nascimento','73681095493','621850433','1930970797','21906644894','1972-07-24',0,3671.61),(75,75,'Vinicius Gomes','74830169575','03456827X','1944377923','84934433417','2005-02-16',0,9313.42),(76,76,'Dr. Yago Nascimento','76352489109','756102832','1912499252','61918043877','2013-12-14',0,3115.24),(77,77,'Larissa Freitas','78921506330','648721036','1938839511','51975646054','2020-01-03',1,5753.21),(78,78,'Isadora Castro','78926013502','472603589','1999572398','11965505947','1985-05-18',0,8835.16),(79,79,'Eduardo Correia','81029347603','427831568','1981357179','21977644163','1972-05-05',1,7240.66),(80,80,'Srta. Maria Julia Lopes','82596713012','06123574X','1918686682','81965172711','2020-11-24',0,5602.51),(81,81,'Davi Lucca da Luz','85304169700','285147602','1921263026','81966056555','2015-12-23',0,9294.23),(82,82,'Camila Almeida','85391407648','413652804','1980997342','61931383593','1970-07-04',0,2353.42),(83,83,'Gabriel Freitas','86159043757','061752344','1965905291','71970635684','1987-01-06',1,8533.44),(84,84,'Maitê Mendes','86241705326','427306589','4908263462','21979371614','2009-04-30',1,6592.33),(85,85,'Luiz Gustavo Monteiro','87143209678','407183267','1933730297','11987527419','1976-08-19',1,2504.11),(86,86,'Bianca Castro','87145069393','514086737','1966359500','71986737978','2018-12-06',0,7268.73),(87,87,'Valentina Correia','87590126411','724038152','1942893201','61917978903','1977-12-25',0,5764.04),(88,88,'Clara Caldeira','89574612058','57634820X','1990633064','84984876573','1988-12-25',0,3963.30),(89,89,'Rafaela Monteiro','90638154251','701532488','1915076959','11914400394','2013-06-06',0,5806.43),(90,90,'Ryan Sales','93250786195','618275046','1971317811','11935592690','1986-02-19',1,8265.18),(91,91,'Mirella Moreira','93407518250','543062818','1948943119','81930707801','2001-02-01',1,8030.06),(92,92,'Luna Rocha','93540728600','183426757','1907019511','71986865568','2007-08-25',1,8716.18),(93,93,'Ana Julia Fogaça','93547860229','281304750','1910777259','21904296546','1986-12-08',0,2231.31),(94,94,'João Felipe Silva','95083614766','634025879','1997895403','71933717172','1992-05-30',0,1519.56),(95,95,'Isaac Lima','95237180612','654827138','1925797915','84942061097','2001-06-24',1,3522.56),(96,96,'Cauã da Luz','95314872609','538216074','1982840789','61950460494','2007-07-18',0,6615.77),(97,97,'Noah Ferreira','97438051684','731025465','1914107155','21906303635','2003-12-25',1,5668.58),(98,98,'Sr. Davi Lucca Castro','97460532800','052871368','1960383775','41948881256','2015-03-23',0,6597.76),(99,99,'Lucca Alves','98241706502','27410538X','1984360326','61939595662','2015-11-19',0,1756.55),(100,100,'Ana Júlia Viana','98574136093','580741266','1952553626','11990262019','1974-09-24',0,1954.53);
/*!40000 ALTER TABLE `dados_pessoais` ENABLE KEYS */;
UNLOCK TABLES;

--
-- Table structure for table `enderecos`
--

DROP TABLE IF EXISTS `enderecos`;
/*!40101 SET @saved_cs_client     = @@character_set_client */;
/*!50503 SET character_set_client = utf8mb4 */;
CREATE TABLE `enderecos` (
  `id_cliente` int NOT NULL,
  `estado` varchar(50) DEFAULT NULL,
  `cidade` varchar(100) DEFAULT NULL,
  `bairro` varchar(100) DEFAULT NULL,
  `rua` varchar(100) DEFAULT NULL,
  `numero` varchar(50) DEFAULT NULL,
  `CEP` varchar(20) DEFAULT NULL,
  KEY `id_cliente` (`id_cliente`),
  CONSTRAINT `enderecos_ibfk_1` FOREIGN KEY (`id_cliente`) REFERENCES `clientes` (`id_cliente`)
) ENGINE=InnoDB DEFAULT CHARSET=utf8mb4 COLLATE=utf8mb4_0900_ai_ci;
/*!40101 SET character_set_client = @saved_cs_client */;

--
-- Dumping data for table `enderecos`
--

LOCK TABLES `enderecos` WRITE;
/*!40000 ALTER TABLE `enderecos` DISABLE KEYS */;
INSERT INTO `enderecos` VALUES (1,'Sergipe','Costela de Minas','Confisco','Vila de da Rosa','1998','45651445'),(2,'Tocantins','Correia','Santa Monica','Largo Lima','941','91849-649'),(3,'Sergipe','Aragão das Flores','Vila Copacabana','Sítio Pereira','446','86285434'),(4,'Goiás','Barbosa','Vila Maria','Campo Luiz Otávio Jesus','509','08131076'),(5,'Minas Gerais','Fernandes das Pedras','Vila Piratininga Venda Nova','Pátio de Gonçalves','1967','64966760'),(6,'Bahia','Rocha da Praia','Alta Tensão 2ª Seção','Colônia de da Paz','1789','55703305'),(7,'Distrito Federal','da Paz','São Luiz','Campo de Costela','707','70776539'),(8,'Sergipe','Rocha','Mala E Cuia','Vale Farias','159','23461081'),(9,'Tocantins','Mendes de Minas','Vila Bandeirantes','Lago de Azevedo','431','58128007'),(10,'Goiás','Rodrigues Alegre','Baleia','Largo de Castro','1222','10053200'),(11,'Ceará','Souza da Praia','Caiçaras','Residencial Gabriel Lopes','170','77552331'),(12,'Amazonas','Correia','Vale Do Jatoba','Avenida de Barbosa','1312','17434219'),(13,'Paraná','Lima do Campo','Santa Cruz','Lagoa de Ferreira','1895','60913863'),(14,'Pernambuco','Vieira de Peixoto','Camargos','Trevo Cardoso','934','00843811'),(15,'Acre','Costela','Lagoa','Rua de Souza','214','49785763'),(16,'Bahia','Castro de Farias','Mangabeiras','Lagoa Anthony Rezende','1753','67870553'),(17,'Espírito Santo','da Mota','Nossa Senhora Do Rosário','Esplanada Davi Porto','1288','31403966'),(18,'Paraíba','Fogaça','Vila Novo São Lucas','Trecho Barbosa','359','81366710'),(19,'Maranhão','Pinto do Sul','Universo','Viela Vitor Ferreira','1347','66451-163'),(20,'Amazonas','Silva','Vila Pinho','Chácara de Jesus','224','92484678'),(21,'Bahia','Moraes Paulista','Antonio Ribeiro De Abreu 1ª Seção','Vale da Costa','208','97685148'),(22,'Mato Grosso','Moraes','Vila Copacabana','Colônia de Correia','58','94718-414'),(23,'São Paulo','Araújo','Pousada Santo Antonio','Trevo Laura Gomes','1014','77312-372'),(24,'Pará','da Rocha Alegre','Vila Maloca','Lago Sales','83','74430-077'),(25,'Acre','Fernandes','Santo Agostinho','Área Maitê Caldeira','487','98391648'),(26,'Amapá','Moraes','Conjunto Capitão Eduardo','Conjunto Silva','412','76324661'),(27,'Distrito Federal','Aragão Verde','Universitário','Setor de Teixeira','732','25172568'),(28,'São Paulo','Farias de Nunes','Vila Madre Gertrudes 2ª Seção','Avenida de Almeida','836','65969-752'),(29,'São Paulo','da Cruz da Serra','Heliopolis','Área da Costa','396','50894-339'),(30,'Pernambuco','Fogaça do Amparo','Aguas Claras','Loteamento Luiz Otávio Jesus','1273','14931665'),(31,'Sergipe','Novaes de Ferreira','Vista Do Sol','Fazenda Isadora Lima','1321','08212-070'),(32,'Rio de Janeiro','da Rocha','São Salvador','Praia Nunes','76','92169-335'),(33,'Bahia','Oliveira','Monsenhor Messias','Quadra Viana','938','48277180'),(34,'Rio de Janeiro','Lima de Gonçalves','Independência','Fazenda Nascimento','148','31307928'),(35,'Piauí','Mendes','Nova Cintra','Favela de Novaes','998','47678662'),(36,'Rondônia','da Cunha do Galho','Mariano De Abreu','Ladeira de Souza','769','44063-054'),(37,'Roraima','Araújo da Serra','Pindura Saia','Morro Santos','272','73572831'),(38,'Bahia','Barbosa','Vista Do Sol','Vereda de Nascimento','1993','17348-529'),(39,'Bahia','Dias','Vila Barragem Santa Lúcia','Alameda Pires','430','72142-915'),(40,'Sergipe','Pereira','Fernão Dias','Campo Gonçalves','483','72882491'),(41,'Rio Grande do Norte','Pereira','Barroca','Ladeira da Paz','17','55487087'),(42,'Amazonas','da Cruz','Vila Piratininga Venda Nova','Fazenda Sales','12','88224-721'),(43,'Rio Grande do Norte','Moura do Amparo','Novo São Lucas','Lagoa de Almeida','1403','51117106'),(44,'Pará','Barbosa','Nova Esperança','Núcleo de Pires','1633','09190906'),(45,'Distrito Federal','Aragão Alegre','Confisco','Ladeira João Vitor Santos','454','91997-013'),(46,'Paraíba','Nascimento do Norte','Pantanal','Esplanada de Freitas','1587','84035-518'),(47,'Paraíba','das Neves','Horto Florestal','Morro de Freitas','4','56179-631'),(48,'Pernambuco','Pires dos Dourados','Lagoinha Leblon','Loteamento Sales','196','23428093'),(49,'Minas Gerais','Ramos de da Luz','Barão Homem De Melo 2ª Seção','Morro Leonardo Correia','326','96369740'),(50,'Piauí','da Mota','Estoril','Distrito de Duarte','644','72944089'),(51,'Alagoas','Viana da Prata','Xangri-Lá','Morro Maria Alice da Luz','970','43359-652'),(52,'Rio Grande do Norte','Lopes Alegre','Maria Tereza','Vila Martins','1305','80099119'),(53,'Pará','Pinto','Piraja','Feira de Moura','1131','40251302'),(54,'Mato Grosso do Sul','Porto','Comiteco','Sítio Barros','1824','24857594'),(55,'Mato Grosso','Almeida do Oeste','Conjunto Califórnia Ii','Praça de Ribeiro','529','22093788'),(56,'São Paulo','Ferreira do Amparo','São Vicente','Área de Silva','1631','90115806'),(57,'Pará','Costa','Jardim Atlântico','Rodovia de Carvalho','525','62458769'),(58,'Piauí','Sales do Sul','Floramar','Sítio de Moreira','426','71647299'),(59,'Goiás','Cavalcanti das Pedras','Serrano','Fazenda Isis Correia','1808','68559607'),(60,'Amazonas','Ramos','São Salvador','Esplanada Brenda da Cruz','389','58429082'),(61,'Espírito Santo','das Neves','Vila Paraíso','Praia Heloísa Caldeira','719','70520-228'),(62,'São Paulo','Jesus','São Francisco Das Chagas','Praia Lara Teixeira','897','18367944'),(63,'Alagoas','da Costa do Sul','Floresta','Estação Lima','296','63919-308'),(64,'Rio de Janeiro','Nogueira Verde','Planalto','Núcleo João Nascimento','1862','47702-039'),(65,'Rio Grande do Norte','Almeida','Suzana','Estrada Vitor Melo','1855','16618406'),(66,'Mato Grosso do Sul','Ribeiro do Campo','Xangri-Lá','Trecho Sophia Oliveira','563','15850-919'),(67,'Goiás','Araújo','Vila Ouro Minas','Loteamento Freitas','1970','11355198'),(68,'São Paulo','Castro','Concórdia','Conjunto Viana','1627','43386-405'),(69,'Rio Grande do Sul','Aragão do Norte','Juliana','Favela Jesus','513','85874-422'),(70,'Paraná','Barbosa','São Sebastião','Quadra da Mota','1374','15404395'),(71,'Minas Gerais','Araújo','Santana Do Cafezal','Núcleo de Costa','1375','06736704'),(72,'Rio de Janeiro','Rezende','Piratininga','Favela Cunha','1762','73958713'),(73,'Sergipe','Ribeiro','Mangueiras','Estação Rodrigues','29','99638-964'),(74,'Pará','Viana da Prata','Vila São Geraldo','Campo de Cavalcanti','1609','44709398'),(75,'Bahia','Ramos','União','Rua da Cunha','658','01844316'),(76,'Acre','Cardoso','Nossa Senhora Da Aparecida','Praia Maria Fernanda da Paz','1431','47434-997'),(77,'Tocantins','Cavalcanti','Vila Coqueiral','Área Barros','55','04572455'),(78,'Rio de Janeiro','Fernandes da Praia','Vila Minaslandia','Residencial Cavalcanti','318','13458-630'),(79,'Paraná','Nunes','Santana Do Cafezal','Via Stephany da Costa','1626','78533-788'),(80,'Alagoas','Viana','Cidade Jardim Taquaril','Conjunto Julia Dias','293','22869267'),(81,'Rondônia','Nogueira','Santa Cruz','Ladeira Isabella da Costa','1205','70339662'),(82,'Paraíba','Lima da Serra','Vila Boa Vista','Ladeira de Viana','381','13150348'),(83,'Acre','Melo','São João Batista','Favela Emanuel Vieira','294','67713-752'),(84,'Sergipe','Rezende','Vila Trinta E Um De Março','Condomínio Cunha','1420','65836-010'),(85,'Amapá','Moreira','Palmeiras','Praia Gustavo Henrique Ramos','1323','00211-026'),(86,'Roraima','da Conceição','Vila Califórnia','Viaduto de Martins','1485','71847-575'),(87,'Santa Catarina','Pereira Grande','Morro Dos Macacos','Colônia Ian Freitas','1062','05861571'),(88,'Piauí','Lima','Pirineus','Quadra Porto','1869','29027-207'),(89,'Amapá','Correia da Prata','Baleia','Avenida Duarte','1785','28685241'),(90,'Paraíba','Campos','Céu Azul','Residencial Nascimento','1224','12552819'),(91,'Alagoas','Teixeira Paulista','Teixeira Dias','Rodovia Isabelly Duarte','884','27148426'),(92,'Paraíba','Mendes','São Bernardo','Trecho de Oliveira','1698','27111-048'),(93,'Rio de Janeiro','Souza','Graça','Campo de Aragão','1107','88338412'),(94,'Rio Grande do Sul','Azevedo do Amparo','Antonio Ribeiro De Abreu 1ª Seção','Viaduto Correia','1373','17368958'),(95,'Pará','Cavalcanti','Nova Suíça','Quadra Natália Rocha','1142','78305-120'),(96,'Rio de Janeiro','Araújo','Vila Havaí','Conjunto Arthur Castro','83','43648130'),(97,'Alagoas','Peixoto','Vila Piratininga Venda Nova','Rodovia Pedro Lucas Barbosa','1915','90770310'),(98,'Alagoas','Novaes','Nova Floresta','Alameda Ana Sophia Cardoso','228','43359691'),(99,'Piauí','Gomes do Amparo','Lagoinha','Chácara de Ramos','1206','81441-730'),(100,'Mato Grosso do Sul','Fogaça','Santa Lúcia','Trevo de Dias','360','30912872');
/*!40000 ALTER TABLE `enderecos` ENABLE KEYS */;
UNLOCK TABLES;

--
-- Table structure for table `pets`
--

DROP TABLE IF EXISTS `pets`;
/*!40101 SET @saved_cs_client     = @@character_set_client */;
/*!50503 SET character_set_client = utf8mb4 */;
CREATE TABLE `pets` (
  `id_pet` int NOT NULL AUTO_INCREMENT,
  `nome` varchar(100) DEFAULT NULL,
  `data_nascimento` date DEFAULT NULL,
  `sexo` tinyint(1) DEFAULT NULL,
  `especie` varchar(100) DEFAULT NULL,
  `raca` varchar(100) DEFAULT NULL,
  PRIMARY KEY (`id_pet`)
) ENGINE=InnoDB AUTO_INCREMENT=121 DEFAULT CHARSET=utf8mb4 COLLATE=utf8mb4_0900_ai_ci;
/*!40101 SET character_set_client = @saved_cs_client */;

--
-- Dumping data for table `pets`
--

LOCK TABLES `pets` WRITE;
/*!40000 ALTER TABLE `pets` DISABLE KEYS */;
INSERT INTO `pets` VALUES (1,'Lucca','2021-03-23',0,'ROEDOR','repellendus'),(2,'Sofia','2021-01-05',0,'AVE','mollitia'),(3,'Diogo','2020-05-03',0,'REPTIL','sequi'),(4,'Calebe','2020-03-30',1,'ROEDOR','consequatur'),(5,'Gustavo','2020-04-10',0,'ROEDOR','cupiditate'),(6,'Brenda','2020-10-14',0,'AVE','corporis'),(7,'Helena','2020-01-17',1,'CACHORRO','beatae'),(8,'Stella','2020-06-09',0,'ROEDOR','deleniti'),(9,'Pedro','2020-10-21',0,'GATO','facere'),(10,'Larissa','2020-11-25',0,'AVE','vitae'),(11,'Nicolas','2020-10-06',0,'ROEDOR','occaecati'),(12,'Lorenzo','2020-02-19',1,'ROEDOR','ipsam'),(13,'Caio','2020-06-08',0,'REPTIL','voluptate'),(14,'Noah','2020-11-07',0,'REPTIL','quia'),(15,'Vinicius','2021-02-12',0,'AVE','possimus'),(16,'Nicole','2020-08-24',1,'ROEDOR','facere'),(17,'Maria','2020-05-09',1,'CACHORRO','ea'),(18,'Pedro','2020-01-17',1,'AVE','animi'),(19,'Rodrigo','2021-02-02',1,'REPTIL','iure'),(20,'Larissa','2020-10-07',1,'REPTIL','odit'),(21,'Sabrina','2020-04-05',1,'GATO','nostrum'),(22,'Davi','2020-08-16',1,'AVE','tempora'),(23,'Amanda','2021-02-07',1,'ROEDOR','corrupti'),(24,'Marina','2020-09-08',1,'ROEDOR','deleniti'),(25,'Yuri','2020-07-27',1,'GATO','perspiciatis'),(26,'Bruno','2020-10-19',0,'REPTIL','ab'),(27,'Alice','2020-01-22',1,'CACHORRO','sunt'),(28,'Leonardo','2021-02-15',0,'GATO','recusandae'),(29,'Giovanna','2020-02-19',1,'GATO','reprehenderit'),(30,'Cauê','2021-02-07',0,'GATO','minima'),(31,'Thomas','2021-01-15',0,'CACHORRO','animi'),(32,'Maitê','2020-02-16',1,'AVE','a'),(33,'Maria','2020-01-16',1,'CACHORRO','sit'),(34,'Esther','2020-06-19',0,'ROEDOR','repudiandae'),(35,'Sabrina','2020-04-03',0,'CACHORRO','molestiae'),(36,'Matheus','2021-01-28',0,'REPTIL','quos'),(37,'Sarah','2020-06-29',0,'REPTIL','facere'),(38,'Noah','2020-02-19',1,'ROEDOR','autem'),(39,'Pietra','2020-08-14',1,'GATO','iusto'),(40,'Maria','2020-09-22',1,'GATO','nisi'),(41,'Bruna','2020-01-30',0,'GATO','odit'),(42,'Amanda','2021-02-23',0,'AVE','itaque'),(43,'Pietra','2020-06-13',1,'REPTIL','eos'),(44,'Mirella','2020-06-04',0,'CACHORRO','fugit'),(45,'Antônio','2020-11-15',1,'CACHORRO','quia'),(46,'Luna','2020-01-24',1,'ROEDOR','omnis'),(47,'André','2020-07-30',0,'GATO','non'),(48,'Nicole','2020-01-12',1,'CACHORRO','reprehenderit'),(49,'Calebe','2020-11-12',0,'GATO','nisi'),(50,'Isaac','2020-03-09',0,'CACHORRO','occaecati'),(51,'Lucas','2020-01-31',0,'AVE','eum'),(52,'Letícia','2020-03-15',1,'CACHORRO','fuga'),(53,'Anthony','2020-06-11',0,'GATO','tempore'),(54,'Lara','2020-11-06',1,'ROEDOR','molestiae'),(55,'Gabriela','2020-01-21',0,'CACHORRO','eaque'),(56,'Lívia','2020-04-20',0,'ROEDOR','consequatur'),(57,'Renan','2020-03-20',0,'GATO','quibusdam'),(58,'Davi','2020-03-12',1,'CACHORRO','cum'),(59,'Ana','2020-01-25',1,'REPTIL','eligendi'),(60,'Alexia','2020-11-04',0,'GATO','eligendi'),(61,'Nicole','2020-09-12',1,'ROEDOR','ut'),(62,'Joana','2020-09-19',1,'CACHORRO','aspernatur'),(63,'Cauã','2020-11-20',0,'REPTIL','quisquam'),(64,'Alice','2020-12-10',1,'ROEDOR','ut'),(65,'Levi','2020-12-11',1,'CACHORRO','repellendus'),(66,'Maria','2020-12-17',0,'REPTIL','quaerat'),(67,'Milena','2020-10-08',1,'CACHORRO','quae'),(68,'Luana','2021-03-21',1,'GATO','ut'),(69,'Pietro','2021-03-15',0,'ROEDOR','illo'),(70,'Carolina','2020-03-27',1,'CACHORRO','quam'),(71,'Luiz','2021-01-15',1,'ROEDOR','magni'),(72,'Bianca','2020-09-09',1,'AVE','corporis'),(73,'Gustavo','2020-05-24',0,'GATO','corrupti'),(74,'Marcos','2020-11-14',0,'REPTIL','illum'),(75,'Ana','2021-01-25',1,'REPTIL','repellendus'),(76,'Joana','2020-07-27',0,'AVE','fugit'),(77,'Davi','2021-03-09',1,'REPTIL','repellendus'),(78,'Gabrielly','2020-02-06',0,'GATO','perferendis'),(79,'Rafaela','2020-09-07',1,'CACHORRO','numquam'),(80,'Emanuelly','2020-03-19',0,'GATO','quis'),(81,'Carlos','2020-07-10',1,'CACHORRO','aliquid'),(82,'Kaique','2020-03-11',0,'REPTIL','consequatur'),(83,'Alana','2020-11-04',1,'CACHORRO','maiores'),(84,'Melissa','2020-09-13',0,'GATO','consequatur'),(85,'Marcelo','2020-06-01',1,'ROEDOR','saepe'),(86,'Fernanda','2020-04-18',1,'GATO','totam'),(87,'Samuel','2020-10-09',1,'REPTIL','hic'),(88,'Eduarda','2021-01-09',1,'REPTIL','animi'),(89,'Emanuella','2020-12-28',0,'GATO','animi'),(90,'Ana','2020-01-22',1,'CACHORRO','eius'),(91,'Enzo','2020-08-19',0,'GATO','ducimus'),(92,'Luiz','2021-02-07',0,'GATO','nobis'),(93,'Júlia','2020-05-03',0,'GATO','illum'),(94,'Catarina','2020-02-24',1,'GATO','provident'),(95,'Davi','2020-06-01',1,'AVE','laboriosam'),(96,'Ana','2020-03-15',0,'REPTIL','officiis'),(97,'Joana','2020-03-28',1,'GATO','porro'),(98,'Maria','2021-01-21',1,'CACHORRO','mollitia'),(99,'Maria','2020-08-06',0,'CACHORRO','illum'),(100,'Danilo','2020-11-21',0,'CACHORRO','et'),(101,'Bernardo','2021-02-07',1,'ROEDOR','qui'),(102,'Daniela','2020-08-27',1,'REPTIL','tenetur'),(103,'Stephany','2020-04-28',1,'GATO','praesentium'),(104,'Luiz','2021-01-21',1,'REPTIL','voluptas'),(105,'Emanuelly','2020-09-09',1,'REPTIL','excepturi'),(106,'Luiz','2020-12-12',1,'CACHORRO','quia'),(107,'Evelyn','2020-03-20',0,'ROEDOR','natus'),(108,'Erick','2020-03-05',1,'ROEDOR','voluptatum'),(109,'João','2020-02-17',0,'CACHORRO','unde'),(110,'Isadora','2020-10-27',0,'REPTIL','incidunt'),(111,'Luigi','2020-11-04',0,'ROEDOR','ea'),(112,'Mirella','2020-05-27',1,'AVE','earum'),(113,'Gabriel','2020-07-10',0,'REPTIL','cupiditate'),(114,'Maria','2020-01-11',1,'GATO','incidunt'),(115,'Marcos','2021-02-09',0,'ROEDOR','enim'),(116,'Francisco','2020-02-17',0,'CACHORRO','reiciendis'),(117,'Laís','2020-08-17',1,'ROEDOR','molestias'),(118,'Pedro','2020-12-15',0,'ROEDOR','suscipit'),(119,'Lucas','2020-05-11',1,'AVE','dignissimos'),(120,'Fernanda','2020-12-04',0,'CACHORRO','possimus');
/*!40000 ALTER TABLE `pets` ENABLE KEYS */;
UNLOCK TABLES;

--
-- Table structure for table `produtos`
--

DROP TABLE IF EXISTS `produtos`;
/*!40101 SET @saved_cs_client     = @@character_set_client */;
/*!50503 SET character_set_client = utf8mb4 */;
CREATE TABLE `produtos` (
  `id_produto` int NOT NULL AUTO_INCREMENT,
  `nome` varchar(100) DEFAULT NULL,
  `valor` decimal(6,2) DEFAULT NULL,
  `tipo` enum('AVE','CACHORRO','GATO','REPTIL','ROEDOR') DEFAULT NULL,
  PRIMARY KEY (`id_produto`)
) ENGINE=InnoDB AUTO_INCREMENT=101 DEFAULT CHARSET=utf8mb4 COLLATE=utf8mb4_0900_ai_ci;
/*!40101 SET character_set_client = @saved_cs_client */;

--
-- Dumping data for table `produtos`
--

LOCK TABLES `produtos` WRITE;
/*!40000 ALTER TABLE `produtos` DISABLE KEYS */;
INSERT INTO `produtos` VALUES (1,'consequuntur',11.29,'CACHORRO'),(2,'nam',11.81,'REPTIL'),(3,'esse',5.79,'CACHORRO'),(4,'adipisci',24.00,'REPTIL'),(5,'distinctio',42.74,'CACHORRO'),(6,'unde',6.83,'CACHORRO'),(7,'dolores',49.64,'GATO'),(8,'at',34.21,'ROEDOR'),(9,'magni',40.99,'AVE'),(10,'ipsam',5.22,'GATO'),(11,'ullam',31.39,'GATO'),(12,'delectus',46.89,'AVE'),(13,'perspiciatis',5.24,'GATO'),(14,'blanditiis',14.14,'REPTIL'),(15,'repudiandae',48.23,'REPTIL'),(16,'enim',47.46,'REPTIL'),(17,'veniam',23.01,'ROEDOR'),(18,'iure',10.62,'CACHORRO'),(19,'corporis',32.76,'GATO'),(20,'tempore',43.70,'REPTIL'),(21,'libero',41.13,'ROEDOR'),(22,'harum',12.92,'ROEDOR'),(23,'beatae',29.73,'AVE'),(24,'voluptates',26.98,'CACHORRO'),(25,'ea',24.20,'AVE'),(26,'a',47.25,'CACHORRO'),(27,'itaque',49.27,'AVE'),(28,'quia',18.69,'AVE'),(29,'optio',5.02,'AVE'),(30,'voluptate',25.74,'ROEDOR'),(31,'explicabo',33.53,'ROEDOR'),(32,'omnis',25.83,'AVE'),(33,'sapiente',24.39,'REPTIL'),(34,'numquam',17.39,'AVE'),(35,'nobis',10.63,'GATO'),(36,'sint',32.83,'REPTIL'),(37,'perferendis',17.52,'AVE'),(38,'sed',41.89,'ROEDOR'),(39,'tempora',14.45,'ROEDOR'),(40,'cumque',39.67,'REPTIL'),(41,'rem',36.20,'CACHORRO'),(42,'nisi',27.29,'CACHORRO'),(43,'ab',48.91,'AVE'),(44,'quidem',29.74,'REPTIL'),(45,'deleniti',5.95,'GATO'),(46,'minus',17.17,'AVE'),(47,'aliquam',7.29,'GATO'),(48,'fugiat',31.70,'GATO'),(49,'officia',9.09,'CACHORRO'),(50,'doloremque',6.64,'AVE'),(51,'accusamus',23.40,'ROEDOR'),(52,'sit',24.60,'REPTIL'),(53,'ducimus',23.75,'REPTIL'),(54,'voluptatem',5.83,'GATO'),(55,'porro',16.48,'ROEDOR'),(56,'repellat',32.84,'CACHORRO'),(57,'natus',20.21,'ROEDOR'),(58,'mollitia',44.96,'ROEDOR'),(59,'consectetur',26.77,'GATO'),(60,'officiis',24.68,'CACHORRO'),(61,'facilis',11.57,'ROEDOR'),(62,'accusantium',45.50,'GATO'),(63,'velit',35.68,'AVE'),(64,'nesciunt',48.13,'ROEDOR'),(65,'ex',27.05,'AVE'),(66,'ad',7.08,'CACHORRO'),(67,'minima',44.98,'REPTIL'),(68,'eaque',28.49,'ROEDOR'),(69,'dolore',34.77,'AVE'),(70,'reprehenderit',49.06,'AVE'),(71,'quos',39.37,'ROEDOR'),(72,'autem',42.24,'REPTIL'),(73,'earum',10.07,'GATO'),(74,'nulla',29.33,'REPTIL'),(75,'assumenda',24.75,'CACHORRO'),(76,'pariatur',43.41,'REPTIL'),(77,'temporibus',6.52,'ROEDOR'),(78,'quam',26.31,'CACHORRO'),(79,'dolorem',39.35,'GATO'),(80,'reiciendis',40.97,'REPTIL'),(81,'magnam',22.35,'CACHORRO'),(82,'nemo',19.78,'REPTIL'),(83,'suscipit',42.57,'AVE'),(84,'voluptas',44.74,'GATO'),(85,'cupiditate',22.67,'REPTIL'),(86,'facere',34.80,'REPTIL'),(87,'impedit',6.63,'REPTIL'),(88,'eum',38.31,'ROEDOR'),(89,'eligendi',12.54,'ROEDOR'),(90,'occaecati',20.81,'REPTIL'),(91,'asperiores',40.50,'CACHORRO'),(92,'recusandae',11.08,'AVE'),(93,'inventore',18.98,'REPTIL'),(94,'animi',46.39,'ROEDOR'),(95,'saepe',15.27,'AVE'),(96,'aliquid',25.32,'CACHORRO'),(97,'eius',26.35,'ROEDOR'),(98,'placeat',41.76,'ROEDOR'),(99,'aut',19.44,'GATO'),(100,'illum',10.19,'AVE');
/*!40000 ALTER TABLE `produtos` ENABLE KEYS */;
UNLOCK TABLES;

--
-- Table structure for table `produtos_transacoes`
--

DROP TABLE IF EXISTS `produtos_transacoes`;
/*!40101 SET @saved_cs_client     = @@character_set_client */;
/*!50503 SET character_set_client = utf8mb4 */;
CREATE TABLE `produtos_transacoes` (
  `id_transacao_produto` int NOT NULL AUTO_INCREMENT,
  `id_produto` int DEFAULT NULL,
  `id_transacao` int DEFAULT NULL,
  `valor` decimal(6,2) NOT NULL,
  PRIMARY KEY (`id_transacao_produto`),
  KEY `id_produto` (`id_produto`),
  KEY `id_transacao` (`id_transacao`),
  CONSTRAINT `produtos_transacoes_ibfk_1` FOREIGN KEY (`id_produto`) REFERENCES `produtos` (`id_produto`),
  CONSTRAINT `produtos_transacoes_ibfk_2` FOREIGN KEY (`id_transacao`) REFERENCES `transacoes` (`id_transacao`)
) ENGINE=InnoDB AUTO_INCREMENT=618 DEFAULT CHARSET=utf8mb4 COLLATE=utf8mb4_0900_ai_ci;
/*!40101 SET character_set_client = @saved_cs_client */;

--
-- Dumping data for table `produtos_transacoes`
--

LOCK TABLES `produtos_transacoes` WRITE;
/*!40000 ALTER TABLE `produtos_transacoes` DISABLE KEYS */;
INSERT INTO `produtos_transacoes` VALUES (1,55,1,47.08),(2,47,1,42.08),(3,71,1,44.28),(4,34,1,35.21),(5,33,1,47.08),(6,84,2,14.63),(7,70,2,8.75),(8,36,2,26.56),(9,85,2,11.57),(10,63,3,9.35),(11,61,3,7.67),(12,30,3,11.77),(13,25,4,46.84),(14,57,4,18.86),(15,70,5,19.20),(16,34,5,5.75),(17,40,5,17.54),(18,84,5,29.09),(19,71,5,40.92),(20,53,6,12.70),(21,19,6,36.30),(22,72,6,29.23),(23,4,7,41.84),(24,5,8,25.24),(25,100,8,34.65),(26,53,8,25.95),(27,76,8,6.16),(28,5,8,19.77),(29,24,9,21.48),(30,79,9,13.78),(31,3,10,37.01),(32,72,10,11.92),(33,74,11,31.21),(34,64,11,31.36),(35,45,11,10.66),(36,68,11,44.26),(37,34,11,32.11),(38,23,12,34.89),(39,41,12,17.37),(40,19,12,46.75),(41,79,12,19.27),(42,52,13,48.35),(43,89,13,10.23),(44,27,13,42.30),(45,95,13,16.58),(46,71,13,13.45),(47,75,14,24.35),(48,74,14,10.33),(49,36,14,11.48),(50,29,15,44.30),(51,60,15,17.16),(52,82,16,43.96),(53,5,17,21.97),(54,95,17,13.00),(55,9,17,36.03),(56,26,18,31.08),(57,60,18,38.80),(58,33,18,37.61),(59,65,19,16.75),(60,66,20,44.51),(61,86,21,27.10),(62,15,22,28.85),(63,45,23,34.31),(64,1,24,21.25),(65,88,24,25.22),(66,8,24,43.06),(67,2,24,22.18),(68,85,25,29.48),(69,16,25,29.66),(70,5,26,22.18),(71,49,27,16.91),(72,11,27,20.59),(73,65,27,8.23),(74,61,27,14.37),(75,7,27,6.53),(76,17,28,9.74),(77,37,28,42.15),(78,62,28,6.56),(79,7,28,15.65),(80,41,28,27.82),(81,86,29,37.18),(82,27,29,39.62),(83,83,29,47.64),(84,100,29,20.58),(85,54,30,7.31),(86,89,30,36.77),(87,46,31,7.20),(88,95,31,25.53),(89,55,31,12.48),(90,47,31,39.64),(91,92,32,29.05),(92,46,32,7.81),(93,52,32,15.62),(94,57,33,20.46),(95,48,33,41.77),(96,42,33,39.19),(97,99,34,25.31),(98,64,34,36.90),(99,82,34,24.63),(100,6,35,45.33),(101,75,35,14.35),(102,76,35,19.78),(103,20,36,45.17),(104,11,37,11.13),(105,96,37,34.58),(106,44,38,10.08),(107,80,38,23.11),(108,90,38,42.72),(109,48,38,22.07),(110,43,39,18.01),(111,19,40,49.59),(112,73,40,6.15),(113,91,40,13.49),(114,43,40,16.46),(115,67,41,44.96),(116,72,41,8.09),(117,65,41,23.51),(118,68,41,25.83),(119,29,42,18.49),(120,56,42,14.29),(121,37,43,14.45),(122,88,43,28.04),(123,66,43,48.86),(124,17,43,9.20),(125,54,44,36.40),(126,71,45,30.75),(127,4,45,18.44),(128,49,46,46.45),(129,44,46,12.98),(130,90,46,36.51),(131,100,47,34.45),(132,10,47,11.61),(133,84,48,34.17),(134,75,48,5.47),(135,55,48,42.17),(136,98,49,6.15),(137,45,49,21.86),(138,99,49,31.52),(139,68,50,14.99),(140,14,50,49.98),(141,59,50,9.16),(142,55,51,48.96),(143,5,52,47.18),(144,23,52,36.93),(145,87,52,13.44),(146,32,52,26.25),(147,59,52,11.50),(148,2,53,18.34),(149,25,53,32.85),(150,44,53,29.41),(151,63,53,8.89),(152,79,53,47.14),(153,83,54,44.85),(154,12,54,16.53),(155,45,54,31.78),(156,22,54,21.12),(157,88,55,40.57),(158,13,55,37.83),(159,61,55,27.80),(160,32,55,27.93),(161,51,55,15.38),(162,24,56,11.97),(163,6,56,38.56),(164,52,56,26.80),(165,38,56,25.15),(166,62,56,33.29),(167,13,57,31.74),(168,95,57,33.16),(169,18,57,46.16),(170,7,57,37.90),(171,2,57,16.91),(172,54,58,12.59),(173,68,58,38.30),(174,77,59,46.60),(175,98,60,33.22),(176,98,60,31.75),(177,18,60,9.51),(178,63,60,15.24),(179,45,61,36.23),(180,9,61,39.47),(181,23,62,31.79),(182,42,63,37.16),(183,51,63,49.47),(184,16,63,49.65),(185,92,63,30.29),(186,64,64,31.81),(187,13,64,48.51),(188,95,65,46.74),(189,19,65,15.66),(190,94,65,27.05),(191,79,65,19.97),(192,65,65,43.80),(193,63,66,41.01),(194,93,67,43.69),(195,95,68,49.51),(196,23,68,49.02),(197,92,68,6.46),(198,66,69,18.23),(199,97,69,44.71),(200,38,69,9.23),(201,62,70,43.80),(202,14,71,46.00),(203,48,72,40.14),(204,16,72,46.65),(205,98,72,23.68),(206,15,72,35.88),(207,55,73,33.48),(208,35,73,13.89),(209,60,73,13.92),(210,20,73,9.65),(211,65,73,34.91),(212,57,74,21.41),(213,78,74,22.64),(214,29,74,24.36),(215,25,74,34.69),(216,59,75,12.56),(217,48,76,31.00),(218,64,76,19.54),(219,66,76,38.14),(220,65,77,13.77),(221,23,78,27.24),(222,37,78,25.03),(223,26,78,49.25),(224,90,78,26.64),(225,74,79,11.30),(226,36,79,35.86),(227,16,79,28.94),(228,27,79,11.08),(229,1,79,6.23),(230,79,80,21.63),(231,55,81,41.85),(232,47,81,35.80),(233,97,82,19.08),(234,51,83,9.40),(235,2,83,33.45),(236,70,84,33.97),(237,22,84,28.04),(238,85,84,24.09),(239,30,84,39.36),(240,100,85,30.65),(241,57,86,33.07),(242,57,86,12.59),(243,89,86,41.02),(244,92,87,16.71),(245,98,87,23.56),(246,80,88,16.45),(247,53,88,44.60),(248,10,88,42.49),(249,37,88,48.27),(250,38,88,19.82),(251,6,89,40.76),(252,32,89,7.50),(253,77,90,44.46),(254,17,90,30.05),(255,50,90,33.26),(256,39,91,12.15),(257,49,91,47.77),(258,31,91,18.39),(259,60,92,44.66),(260,80,92,41.79),(261,26,92,45.52),(262,4,92,42.86),(263,79,92,22.81),(264,47,93,32.08),(265,25,93,49.85),(266,12,93,8.87),(267,14,93,48.78),(268,31,93,39.13),(269,13,94,46.31),(270,11,95,32.85),(271,78,95,25.13),(272,76,95,34.96),(273,1,96,50.00),(274,80,96,41.13),(275,8,97,21.36),(276,50,97,13.41),(277,71,97,26.31),(278,30,97,23.38),(279,28,97,15.48),(280,17,98,9.43),(281,63,98,47.88),(282,96,98,30.61),(283,89,98,48.34),(284,60,98,41.59),(285,54,99,37.08),(286,29,99,42.60),(287,3,99,20.21),(288,91,99,10.45),(289,59,100,11.80),(290,86,101,49.09),(291,76,101,11.83),(292,68,101,21.72),(293,99,101,12.81),(294,26,102,27.17),(295,71,102,41.18),(296,54,102,30.86),(297,64,102,11.26),(298,40,103,44.10),(299,58,103,14.75),(300,23,103,7.07),(301,22,103,22.06),(302,93,103,26.37),(303,87,104,11.08),(304,78,104,37.28),(305,54,104,37.34),(306,62,105,44.82),(307,6,105,26.29),(308,81,106,46.24),(309,6,107,25.41),(310,33,107,43.88),(311,9,107,36.81),(312,42,108,30.84),(313,98,108,25.81),(314,12,109,20.00),(315,58,109,31.23),(316,28,109,25.55),(317,16,110,6.76),(318,45,110,39.12),(319,4,110,35.37),(320,40,111,12.71),(321,90,111,46.77),(322,16,111,33.92),(323,93,112,38.52),(324,8,112,38.45),(325,65,113,41.74),(326,59,113,47.38),(327,85,114,21.31),(328,68,114,42.07),(329,16,114,9.31),(330,12,115,11.78),(331,72,115,35.33),(332,80,115,22.07),(333,71,115,6.44),(334,25,116,12.96),(335,24,116,48.28),(336,5,116,34.08),(337,77,116,24.41),(338,10,117,39.06),(339,20,117,35.85),(340,99,117,29.02),(341,45,117,43.36),(342,37,117,20.83),(343,84,118,37.51),(344,81,118,6.45),(345,32,119,38.16),(346,36,119,48.03),(347,86,119,16.42),(348,16,119,41.54),(349,41,120,22.85),(350,71,120,49.69),(351,38,121,13.82),(352,34,121,39.78),(353,63,121,16.17),(354,64,122,6.82),(355,23,122,33.58),(356,62,122,37.91),(357,27,122,35.17),(358,97,123,46.85),(359,63,123,32.80),(360,63,123,36.41),(361,10,123,11.61),(362,14,123,43.57),(363,19,124,38.12),(364,18,124,46.81),(365,17,125,39.45),(366,50,125,45.29),(367,64,125,33.48),(368,72,125,37.44),(369,65,125,7.97),(370,69,126,8.54),(371,31,126,6.42),(372,81,126,19.73),(373,77,126,41.66),(374,28,127,25.92),(375,37,128,46.40),(376,92,128,40.71),(377,84,128,26.79),(378,38,128,43.79),(379,26,128,37.10),(380,86,129,32.22),(381,69,129,37.61),(382,12,129,5.95),(383,59,129,29.92),(384,64,129,33.44),(385,84,130,15.74),(386,54,130,21.78),(387,96,131,36.94),(388,83,131,28.50),(389,25,132,33.53),(390,56,132,18.54),(391,24,132,38.22),(392,91,132,20.61),(393,18,133,36.32),(394,51,133,7.02),(395,18,133,40.93),(396,25,133,31.33),(397,79,133,12.64),(398,66,134,25.03),(399,46,134,20.77),(400,77,134,11.62),(401,57,135,25.21),(402,99,136,47.53),(403,45,136,20.24),(404,48,137,11.33),(405,76,137,18.06),(406,23,137,7.20),(407,17,137,18.53),(408,42,137,8.96),(409,15,138,34.48),(410,46,138,35.59),(411,76,138,7.74),(412,4,139,31.78),(413,28,139,44.41),(414,62,139,43.92),(415,75,139,44.43),(416,96,139,40.20),(417,67,140,49.63),(418,8,140,22.94),(419,64,140,27.79),(420,20,140,42.96),(421,11,140,47.71),(422,73,141,37.10),(423,78,141,45.05),(424,55,141,31.95),(425,93,142,41.08),(426,10,142,6.96),(427,15,142,48.22),(428,41,143,49.27),(429,6,143,26.07),(430,76,143,18.82),(431,15,143,40.95),(432,34,144,44.72),(433,15,145,28.81),(434,78,146,43.04),(435,12,146,8.96),(436,28,147,31.60),(437,38,147,28.95),(438,23,147,32.09),(439,80,147,44.43),(440,34,148,12.41),(441,36,148,6.86),(442,70,148,43.02),(443,10,148,6.10),(444,27,148,32.17),(445,64,149,41.91),(446,14,150,41.56),(447,85,150,27.05),(448,79,150,12.20),(449,48,150,25.61),(450,59,151,45.20),(451,33,151,19.01),(452,66,151,45.05),(453,21,151,10.84),(454,29,152,47.26),(455,9,152,47.96),(456,84,152,5.45),(457,50,152,33.33),(458,42,153,47.14),(459,82,153,17.19),(460,1,154,26.99),(461,90,154,41.47),(462,73,154,35.63),(463,68,154,20.87),(464,43,155,18.88),(465,40,155,40.43),(466,61,155,33.97),(467,11,155,11.75),(468,83,156,17.75),(469,5,156,19.27),(470,6,156,29.32),(471,54,156,5.08),(472,82,157,31.69),(473,61,158,16.45),(474,62,158,26.14),(475,35,158,9.59),(476,87,158,14.67),(477,16,158,38.41),(478,20,159,5.05),(479,51,159,41.15),(480,40,159,39.23),(481,90,160,29.81),(482,74,160,30.86),(483,94,160,27.32),(484,93,161,17.62),(485,10,161,16.58),(486,79,161,42.65),(487,87,161,9.52),(488,32,162,19.75),(489,86,162,9.45),(490,57,162,34.93),(491,22,162,31.12),(492,20,162,7.55),(493,5,163,40.95),(494,93,163,44.42),(495,9,164,35.53),(496,10,164,14.21),(497,13,165,41.78),(498,16,165,38.67),(499,82,166,22.54),(500,26,167,43.57),(501,22,167,43.81),(502,6,167,42.47),(503,78,167,12.80),(504,43,167,37.95),(505,39,168,46.55),(506,7,168,29.29),(507,85,169,8.84),(508,75,169,32.01),(509,30,169,8.67),(510,11,169,14.81),(511,20,169,43.69),(512,50,170,15.04),(513,86,171,23.41),(514,61,171,14.10),(515,4,171,34.92),(516,36,171,12.29),(517,40,172,20.98),(518,50,172,15.63),(519,31,173,41.49),(520,26,174,38.87),(521,68,174,41.87),(522,33,174,17.94),(523,53,174,31.68),(524,27,174,9.24),(525,76,175,46.90),(526,56,175,43.66),(527,20,175,5.85),(528,42,175,18.19),(529,38,175,23.87),(530,65,176,44.03),(531,16,176,5.16),(532,40,176,23.88),(533,49,176,7.55),(534,85,177,43.10),(535,42,177,37.66),(536,66,177,20.23),(537,4,178,22.93),(538,29,178,41.69),(539,87,178,30.61),(540,30,179,19.87),(541,45,179,31.12),(542,47,179,43.90),(543,65,179,28.04),(544,98,180,31.05),(545,7,180,21.90),(546,89,180,44.84),(547,20,181,38.70),(548,68,181,14.87),(549,7,181,31.74),(550,37,181,20.67),(551,38,181,43.03),(552,64,182,38.15),(553,46,182,12.42),(554,30,182,27.21),(555,70,182,40.33),(556,51,183,32.82),(557,81,183,20.15),(558,26,183,32.48),(559,77,183,15.57),(560,11,184,44.76),(561,54,184,11.20),(562,24,184,42.08),(563,79,184,36.98),(564,65,184,21.63),(565,29,185,6.87),(566,91,185,17.82),(567,80,186,36.19),(568,30,186,46.17),(569,15,187,30.95),(570,57,187,7.27),(571,14,187,35.71),(572,62,188,13.76),(573,37,188,19.66),(574,30,189,19.75),(575,95,189,22.86),(576,7,189,9.51),(577,82,189,21.40),(578,32,189,41.16),(579,76,190,41.26),(580,63,190,12.27),(581,31,190,28.46),(582,37,191,38.90),(583,27,191,9.02),(584,21,191,24.64),(585,24,192,25.16),(586,22,192,10.11),(587,19,192,42.53),(588,92,193,31.94),(589,91,193,43.50),(590,81,193,20.97),(591,2,194,29.27),(592,89,194,45.57),(593,12,194,46.74),(594,44,195,16.36),(595,95,195,18.80),(596,85,195,5.68),(597,5,196,15.86),(598,44,196,36.00),(599,65,196,11.42),(600,42,196,33.43),(601,74,196,12.71),(602,29,197,38.23),(603,71,197,45.08),(604,77,197,8.72),(605,36,197,9.27),(606,79,197,33.43),(607,35,198,42.61),(608,44,198,8.30),(609,98,198,48.95),(610,18,198,37.04),(611,72,198,26.05),(612,96,199,23.11),(613,44,199,24.33),(614,88,199,43.14),(615,79,200,15.00),(616,4,200,42.97),(617,100,200,7.93);
/*!40000 ALTER TABLE `produtos_transacoes` ENABLE KEYS */;
UNLOCK TABLES;

--
-- Table structure for table `produtos_unidades`
--

DROP TABLE IF EXISTS `produtos_unidades`;
/*!40101 SET @saved_cs_client     = @@character_set_client */;
/*!50503 SET character_set_client = utf8mb4 */;
CREATE TABLE `produtos_unidades` (
  `id_produto_unidade` int NOT NULL AUTO_INCREMENT,
  `id_produto` int DEFAULT NULL,
  `id_unidade` int DEFAULT NULL,
  `quantidade` int DEFAULT NULL,
  PRIMARY KEY (`id_produto_unidade`),
  KEY `id_produto` (`id_produto`),
  KEY `id_unidade` (`id_unidade`),
  CONSTRAINT `produtos_unidades_ibfk_1` FOREIGN KEY (`id_produto`) REFERENCES `produtos` (`id_produto`),
  CONSTRAINT `produtos_unidades_ibfk_2` FOREIGN KEY (`id_unidade`) REFERENCES `unidades` (`id_unidade`)
) ENGINE=InnoDB AUTO_INCREMENT=776 DEFAULT CHARSET=utf8mb4 COLLATE=utf8mb4_0900_ai_ci;
/*!40101 SET character_set_client = @saved_cs_client */;

--
-- Dumping data for table `produtos_unidades`
--

LOCK TABLES `produtos_unidades` WRITE;
/*!40000 ALTER TABLE `produtos_unidades` DISABLE KEYS */;
INSERT INTO `produtos_unidades` VALUES (1,1,8,1),(2,2,8,45),(3,3,8,24),(4,4,8,5),(5,5,8,2),(6,6,8,18),(7,7,8,7),(8,8,8,11),(9,9,8,42),(10,10,8,13),(11,11,8,42),(12,12,8,43),(13,13,8,29),(14,14,8,47),(15,15,8,22),(16,16,8,43),(17,17,8,8),(18,18,8,9),(19,19,8,19),(20,20,8,12),(21,21,8,22),(22,22,8,3),(23,23,8,29),(24,24,8,40),(25,25,8,8),(26,26,8,42),(27,27,8,40),(28,28,8,40),(29,29,8,24),(30,30,8,29),(31,31,8,13),(32,32,8,20),(33,33,8,15),(34,34,8,27),(35,35,8,42),(36,36,8,18),(37,37,8,25),(38,38,8,3),(39,39,8,23),(40,40,8,19),(41,41,8,49),(42,42,8,41),(43,43,8,32),(44,44,8,3),(45,45,8,30),(46,46,8,27),(47,47,8,17),(48,48,8,23),(49,49,8,27),(50,50,8,12),(51,51,8,43),(52,52,8,14),(53,53,8,14),(54,54,8,28),(55,55,8,23),(56,56,8,19),(57,57,8,25),(58,58,8,47),(59,59,8,38),(60,60,8,27),(61,61,8,44),(62,62,8,2),(63,63,8,26),(64,64,8,4),(65,65,8,6),(66,66,8,7),(67,67,8,16),(68,68,8,21),(69,69,8,46),(70,70,8,3),(71,71,8,15),(72,72,8,2),(73,73,8,4),(74,74,8,18),(75,75,8,20),(76,76,8,46),(77,77,8,9),(78,78,8,9),(79,79,8,35),(80,80,8,32),(81,81,8,31),(82,82,8,6),(83,83,8,50),(84,84,8,13),(85,85,8,42),(86,86,8,27),(87,87,8,10),(88,88,8,21),(89,89,8,23),(90,90,8,12),(91,91,8,40),(92,92,8,32),(93,93,8,22),(94,94,8,1),(95,95,8,12),(96,96,8,25),(97,97,8,39),(98,98,8,18),(99,99,8,50),(100,100,8,31),(101,26,6,44),(102,27,6,6),(103,28,6,36),(104,29,6,43),(105,30,6,6),(106,31,6,28),(107,32,6,17),(108,33,6,29),(109,34,6,20),(110,35,6,21),(111,36,6,15),(112,37,6,49),(113,38,6,19),(114,39,6,26),(115,40,6,15),(116,41,6,45),(117,42,6,28),(118,43,6,47),(119,44,6,41),(120,45,6,35),(121,46,6,50),(122,47,6,20),(123,48,6,49),(124,49,6,29),(125,50,6,4),(126,51,6,31),(127,52,6,25),(128,53,6,24),(129,54,6,18),(130,55,6,45),(131,56,6,32),(132,57,6,48),(133,58,6,17),(134,59,6,21),(135,60,6,15),(136,61,6,4),(137,62,6,6),(138,63,6,29),(139,64,6,20),(140,65,6,34),(141,66,6,25),(142,67,6,24),(143,68,6,13),(144,69,6,13),(145,70,6,43),(146,71,6,14),(147,72,6,7),(148,73,6,7),(149,74,6,9),(150,75,6,30),(151,76,6,2),(152,77,6,27),(153,78,6,40),(154,79,6,43),(155,80,6,18),(156,81,6,37),(157,82,6,14),(158,83,6,24),(159,84,6,9),(160,85,6,24),(161,86,6,2),(162,87,6,10),(163,88,6,43),(164,89,6,26),(165,90,6,40),(166,91,6,48),(167,92,6,27),(168,93,6,33),(169,94,6,43),(170,95,6,14),(171,96,6,7),(172,97,6,46),(173,98,6,44),(174,99,6,42),(175,100,6,12),(176,26,1,7),(177,27,1,14),(178,28,1,10),(179,29,1,28),(180,30,1,35),(181,31,1,12),(182,32,1,3),(183,33,1,12),(184,34,1,29),(185,35,1,25),(186,36,1,9),(187,37,1,28),(188,38,1,44),(189,39,1,7),(190,40,1,49),(191,41,1,27),(192,42,1,37),(193,43,1,24),(194,44,1,25),(195,45,1,37),(196,46,1,10),(197,47,1,6),(198,48,1,34),(199,49,1,46),(200,50,1,6),(201,51,1,2),(202,52,1,24),(203,53,1,14),(204,54,1,34),(205,55,1,44),(206,56,1,44),(207,57,1,2),(208,58,1,21),(209,59,1,15),(210,60,1,3),(211,61,1,50),(212,62,1,6),(213,63,1,11),(214,64,1,18),(215,65,1,43),(216,66,1,43),(217,67,1,13),(218,68,1,43),(219,69,1,6),(220,70,1,25),(221,71,1,2),(222,72,1,9),(223,73,1,4),(224,74,1,15),(225,75,1,50),(226,76,1,37),(227,77,1,37),(228,78,1,8),(229,79,1,49),(230,80,1,47),(231,81,1,1),(232,82,1,24),(233,83,1,42),(234,84,1,30),(235,85,1,6),(236,86,1,32),(237,87,1,23),(238,88,1,26),(239,89,1,15),(240,90,1,42),(241,91,1,49),(242,92,1,44),(243,93,1,9),(244,94,1,8),(245,95,1,42),(246,96,1,27),(247,97,1,7),(248,98,1,32),(249,99,1,19),(250,100,1,19),(251,26,7,11),(252,27,7,11),(253,28,7,23),(254,29,7,21),(255,30,7,3),(256,31,7,34),(257,32,7,9),(258,33,7,36),(259,34,7,24),(260,35,7,3),(261,36,7,49),(262,37,7,15),(263,38,7,39),(264,39,7,34),(265,40,7,45),(266,41,7,24),(267,42,7,15),(268,43,7,25),(269,44,7,20),(270,45,7,39),(271,46,7,48),(272,47,7,15),(273,48,7,11),(274,49,7,6),(275,50,7,38),(276,51,7,29),(277,52,7,34),(278,53,7,25),(279,54,7,17),(280,55,7,34),(281,56,7,27),(282,57,7,33),(283,58,7,37),(284,59,7,39),(285,60,7,42),(286,61,7,37),(287,62,7,7),(288,63,7,27),(289,64,7,21),(290,65,7,17),(291,66,7,10),(292,67,7,8),(293,68,7,17),(294,69,7,28),(295,70,7,3),(296,71,7,23),(297,72,7,11),(298,73,7,38),(299,74,7,12),(300,75,7,13),(301,76,7,36),(302,77,7,18),(303,78,7,2),(304,79,7,25),(305,80,7,40),(306,81,7,36),(307,82,7,16),(308,83,7,11),(309,84,7,35),(310,85,7,11),(311,86,7,40),(312,87,7,22),(313,88,7,15),(314,89,7,13),(315,90,7,20),(316,91,7,16),(317,92,7,37),(318,93,7,17),(319,94,7,37),(320,95,7,25),(321,96,7,4),(322,97,7,44),(323,98,7,6),(324,99,7,22),(325,100,7,25),(326,26,4,21),(327,27,4,26),(328,28,4,46),(329,29,4,29),(330,30,4,38),(331,31,4,3),(332,32,4,23),(333,33,4,48),(334,34,4,47),(335,35,4,50),(336,36,4,28),(337,37,4,44),(338,38,4,25),(339,39,4,5),(340,40,4,30),(341,41,4,28),(342,42,4,45),(343,43,4,31),(344,44,4,42),(345,45,4,46),(346,46,4,11),(347,47,4,2),(348,48,4,19),(349,49,4,23),(350,50,4,3),(351,51,4,40),(352,52,4,44),(353,53,4,2),(354,54,4,28),(355,55,4,6),(356,56,4,17),(357,57,4,40),(358,58,4,8),(359,59,4,6),(360,60,4,19),(361,61,4,50),(362,62,4,50),(363,63,4,22),(364,64,4,44),(365,65,4,25),(366,66,4,42),(367,67,4,7),(368,68,4,35),(369,69,4,45),(370,70,4,9),(371,71,4,1),(372,72,4,42),(373,73,4,21),(374,74,4,48),(375,75,4,48),(376,76,4,27),(377,77,4,31),(378,78,4,26),(379,79,4,50),(380,80,4,5),(381,81,4,36),(382,82,4,10),(383,83,4,38),(384,84,4,13),(385,85,4,28),(386,86,4,40),(387,87,4,33),(388,88,4,31),(389,89,4,33),(390,90,4,11),(391,91,4,22),(392,92,4,16),(393,93,4,26),(394,94,4,37),(395,95,4,13),(396,96,4,13),(397,97,4,17),(398,98,4,27),(399,99,4,29),(400,100,4,18),(401,26,3,11),(402,27,3,50),(403,28,3,42),(404,29,3,19),(405,30,3,35),(406,31,3,44),(407,32,3,2),(408,33,3,13),(409,34,3,24),(410,35,3,15),(411,36,3,22),(412,37,3,48),(413,38,3,8),(414,39,3,44),(415,40,3,15),(416,41,3,46),(417,42,3,6),(418,43,3,14),(419,44,3,31),(420,45,3,34),(421,46,3,35),(422,47,3,39),(423,48,3,7),(424,49,3,4),(425,50,3,27),(426,51,3,45),(427,52,3,15),(428,53,3,23),(429,54,3,30),(430,55,3,18),(431,56,3,31),(432,57,3,7),(433,58,3,14),(434,59,3,44),(435,60,3,21),(436,61,3,15),(437,62,3,22),(438,63,3,32),(439,64,3,21),(440,65,3,36),(441,66,3,22),(442,67,3,46),(443,68,3,16),(444,69,3,1),(445,70,3,20),(446,71,3,32),(447,72,3,22),(448,73,3,2),(449,74,3,6),(450,75,3,13),(451,76,3,34),(452,77,3,40),(453,78,3,48),(454,79,3,6),(455,80,3,10),(456,81,3,29),(457,82,3,43),(458,83,3,47),(459,84,3,20),(460,85,3,7),(461,86,3,32),(462,87,3,9),(463,88,3,23),(464,89,3,34),(465,90,3,40),(466,91,3,32),(467,92,3,36),(468,93,3,12),(469,94,3,49),(470,95,3,47),(471,96,3,17),(472,97,3,40),(473,98,3,16),(474,99,3,40),(475,100,3,10),(476,26,10,32),(477,27,10,19),(478,28,10,33),(479,29,10,13),(480,30,10,7),(481,31,10,12),(482,32,10,8),(483,33,10,23),(484,34,10,36),(485,35,10,13),(486,36,10,37),(487,37,10,48),(488,38,10,16),(489,39,10,14),(490,40,10,1),(491,41,10,33),(492,42,10,28),(493,43,10,7),(494,44,10,30),(495,45,10,2),(496,46,10,49),(497,47,10,11),(498,48,10,30),(499,49,10,21),(500,50,10,20),(501,51,10,2),(502,52,10,5),(503,53,10,18),(504,54,10,4),(505,55,10,27),(506,56,10,17),(507,57,10,31),(508,58,10,12),(509,59,10,30),(510,60,10,18),(511,61,10,22),(512,62,10,25),(513,63,10,35),(514,64,10,30),(515,65,10,20),(516,66,10,14),(517,67,10,40),(518,68,10,49),(519,69,10,48),(520,70,10,39),(521,71,10,16),(522,72,10,22),(523,73,10,41),(524,74,10,50),(525,75,10,20),(526,76,10,50),(527,77,10,23),(528,78,10,9),(529,79,10,39),(530,80,10,41),(531,81,10,14),(532,82,10,21),(533,83,10,6),(534,84,10,43),(535,85,10,50),(536,86,10,6),(537,87,10,45),(538,88,10,30),(539,89,10,17),(540,90,10,42),(541,91,10,29),(542,92,10,26),(543,93,10,6),(544,94,10,4),(545,95,10,17),(546,96,10,13),(547,97,10,36),(548,98,10,18),(549,99,10,13),(550,100,10,16),(551,26,5,19),(552,27,5,41),(553,28,5,32),(554,29,5,14),(555,30,5,31),(556,31,5,19),(557,32,5,6),(558,33,5,27),(559,34,5,23),(560,35,5,32),(561,36,5,39),(562,37,5,41),(563,38,5,41),(564,39,5,50),(565,40,5,24),(566,41,5,26),(567,42,5,1),(568,43,5,34),(569,44,5,47),(570,45,5,8),(571,46,5,23),(572,47,5,31),(573,48,5,30),(574,49,5,48),(575,50,5,17),(576,51,5,43),(577,52,5,47),(578,53,5,37),(579,54,5,45),(580,55,5,2),(581,56,5,6),(582,57,5,49),(583,58,5,15),(584,59,5,39),(585,60,5,37),(586,61,5,4),(587,62,5,18),(588,63,5,48),(589,64,5,34),(590,65,5,12),(591,66,5,38),(592,67,5,13),(593,68,5,2),(594,69,5,27),(595,70,5,23),(596,71,5,5),(597,72,5,34),(598,73,5,15),(599,74,5,42),(600,75,5,41),(601,76,5,21),(602,77,5,43),(603,78,5,25),(604,79,5,40),(605,80,5,48),(606,81,5,17),(607,82,5,39),(608,83,5,32),(609,84,5,31),(610,85,5,3),(611,86,5,48),(612,87,5,5),(613,88,5,45),(614,89,5,11),(615,90,5,39),(616,91,5,15),(617,92,5,25),(618,93,5,14),(619,94,5,11),(620,95,5,40),(621,96,5,23),(622,97,5,40),(623,98,5,23),(624,99,5,20),(625,100,5,31),(626,26,2,7),(627,27,2,32),(628,28,2,38),(629,29,2,12),(630,30,2,38),(631,31,2,41),(632,32,2,8),(633,33,2,47),(634,34,2,42),(635,35,2,45),(636,36,2,46),(637,37,2,32),(638,38,2,41),(639,39,2,21),(640,40,2,17),(641,41,2,25),(642,42,2,11),(643,43,2,3),(644,44,2,16),(645,45,2,26),(646,46,2,10),(647,47,2,46),(648,48,2,27),(649,49,2,41),(650,50,2,39),(651,51,2,30),(652,52,2,3),(653,53,2,40),(654,54,2,18),(655,55,2,9),(656,56,2,25),(657,57,2,19),(658,58,2,28),(659,59,2,46),(660,60,2,18),(661,61,2,14),(662,62,2,28),(663,63,2,29),(664,64,2,18),(665,65,2,13),(666,66,2,46),(667,67,2,26),(668,68,2,29),(669,69,2,4),(670,70,2,24),(671,71,2,18),(672,72,2,46),(673,73,2,46),(674,74,2,47),(675,75,2,21),(676,76,2,26),(677,77,2,34),(678,78,2,9),(679,79,2,30),(680,80,2,16),(681,81,2,11),(682,82,2,50),(683,83,2,36),(684,84,2,47),(685,85,2,12),(686,86,2,2),(687,87,2,3),(688,88,2,38),(689,89,2,23),(690,90,2,37),(691,91,2,15),(692,92,2,14),(693,93,2,39),(694,94,2,35),(695,95,2,29),(696,96,2,16),(697,97,2,13),(698,98,2,39),(699,99,2,47),(700,100,2,35),(701,26,9,22),(702,27,9,27),(703,28,9,5),(704,29,9,43),(705,30,9,27),(706,31,9,28),(707,32,9,25),(708,33,9,39),(709,34,9,13),(710,35,9,13),(711,36,9,2),(712,37,9,21),(713,38,9,28),(714,39,9,1),(715,40,9,37),(716,41,9,43),(717,42,9,1),(718,43,9,42),(719,44,9,33),(720,45,9,46),(721,46,9,1),(722,47,9,27),(723,48,9,34),(724,49,9,2),(725,50,9,17),(726,51,9,43),(727,52,9,37),(728,53,9,14),(729,54,9,35),(730,55,9,34),(731,56,9,21),(732,57,9,17),(733,58,9,37),(734,59,9,2),(735,60,9,17),(736,61,9,32),(737,62,9,31),(738,63,9,38),(739,64,9,47),(740,65,9,11),(741,66,9,13),(742,67,9,41),(743,68,9,35),(744,69,9,12),(745,70,9,8),(746,71,9,8),(747,72,9,22),(748,73,9,24),(749,74,9,1),(750,75,9,15),(751,76,9,47),(752,77,9,33),(753,78,9,49),(754,79,9,9),(755,80,9,22),(756,81,9,1),(757,82,9,23),(758,83,9,27),(759,84,9,31),(760,85,9,12),(761,86,9,27),(762,87,9,29),(763,88,9,2),(764,89,9,43),(765,90,9,21),(766,91,9,46),(767,92,9,41),(768,93,9,5),(769,94,9,33),(770,95,9,28),(771,96,9,26),(772,97,9,3),(773,98,9,28),(774,99,9,49),(775,100,9,25);
/*!40000 ALTER TABLE `produtos_unidades` ENABLE KEYS */;
UNLOCK TABLES;

--
-- Table structure for table `transacoes`
--

DROP TABLE IF EXISTS `transacoes`;
/*!40101 SET @saved_cs_client     = @@character_set_client */;
/*!50503 SET character_set_client = utf8mb4 */;
CREATE TABLE `transacoes` (
  `id_transacao` int NOT NULL AUTO_INCREMENT,
  `id_unidade` int DEFAULT NULL,
  `quantidade` int DEFAULT NULL,
  `data_transacao` datetime DEFAULT NULL,
  `id_cliente` int DEFAULT NULL,
  PRIMARY KEY (`id_transacao`),
  KEY `id_unidade` (`id_unidade`),
  KEY `id_cliente` (`id_cliente`),
  CONSTRAINT `transacoes_ibfk_2` FOREIGN KEY (`id_unidade`) REFERENCES `unidades` (`id_unidade`),
  CONSTRAINT `transacoes_ibfk_3` FOREIGN KEY (`id_cliente`) REFERENCES `clientes` (`id_cliente`)
) ENGINE=InnoDB AUTO_INCREMENT=201 DEFAULT CHARSET=utf8mb4 COLLATE=utf8mb4_0900_ai_ci;
/*!40101 SET character_set_client = @saved_cs_client */;

--
-- Dumping data for table `transacoes`
--

LOCK TABLES `transacoes` WRITE;
/*!40000 ALTER TABLE `transacoes` DISABLE KEYS */;
INSERT INTO `transacoes` VALUES (1,7,5,'1986-06-14 00:00:00',25),(2,3,4,'2009-03-08 00:00:00',73),(3,10,3,'2009-05-19 00:00:00',30),(4,7,2,'2002-06-29 00:00:00',85),(5,3,5,'1996-08-09 00:00:00',92),(6,4,3,'1976-07-13 00:00:00',99),(7,4,1,'1980-10-25 00:00:00',9),(8,8,5,'2011-05-07 00:00:00',66),(9,6,2,'1973-09-07 00:00:00',100),(10,7,2,'1977-10-26 00:00:00',36),(11,6,5,'1976-08-19 00:00:00',21),(12,6,4,'1979-12-23 00:00:00',6),(13,3,5,'1978-10-28 00:00:00',56),(14,2,3,'1978-06-11 00:00:00',7),(15,7,2,'2002-01-24 00:00:00',31),(16,2,1,'1995-03-16 00:00:00',39),(17,3,3,'1977-03-02 00:00:00',28),(18,9,3,'2008-04-07 00:00:00',54),(19,9,1,'1971-06-07 00:00:00',99),(20,9,1,'1975-07-14 00:00:00',15),(21,5,1,'1984-01-08 00:00:00',56),(22,2,1,'1979-03-07 00:00:00',20),(23,2,1,'1991-05-05 00:00:00',79),(24,1,4,'1995-10-09 00:00:00',55),(25,9,2,'1987-06-13 00:00:00',59),(26,3,1,'2011-09-18 00:00:00',47),(27,3,5,'2019-08-16 00:00:00',50),(28,4,5,'1998-11-03 00:00:00',92),(29,8,4,'2016-09-05 00:00:00',56),(30,7,2,'1990-01-18 00:00:00',65),(31,3,4,'2013-02-22 00:00:00',69),(32,1,3,'1994-06-22 00:00:00',84),(33,6,3,'2000-07-24 00:00:00',74),(34,9,3,'1985-09-05 00:00:00',20),(35,1,3,'1974-05-06 00:00:00',20),(36,1,1,'1991-05-07 00:00:00',12),(37,8,2,'1973-04-08 00:00:00',57),(38,1,4,'1983-12-16 00:00:00',52),(39,4,1,'2017-03-15 00:00:00',54),(40,4,4,'1990-06-18 00:00:00',87),(41,9,4,'2012-12-02 00:00:00',13),(42,2,2,'2020-06-27 00:00:00',37),(43,9,4,'1997-05-01 00:00:00',31),(44,1,1,'2005-12-20 00:00:00',2),(45,1,2,'1995-07-08 00:00:00',97),(46,8,3,'2015-03-25 00:00:00',93),(47,4,2,'2005-10-10 00:00:00',72),(48,9,3,'2003-08-10 00:00:00',51),(49,10,3,'2019-11-08 00:00:00',39),(50,7,3,'1990-10-06 00:00:00',8),(51,4,1,'1987-06-23 00:00:00',78),(52,9,5,'2016-08-04 00:00:00',14),(53,2,5,'1981-04-26 00:00:00',94),(54,8,4,'1982-08-06 00:00:00',74),(55,4,5,'1991-08-05 00:00:00',83),(56,7,5,'2011-05-31 00:00:00',89),(57,5,5,'1971-06-03 00:00:00',12),(58,10,2,'1972-09-07 00:00:00',35),(59,6,1,'1993-05-01 00:00:00',58),(60,1,4,'2004-12-01 00:00:00',4),(61,2,2,'1992-05-11 00:00:00',47),(62,5,1,'2011-08-04 00:00:00',31),(63,8,4,'1994-07-26 00:00:00',95),(64,7,2,'2000-12-09 00:00:00',14),(65,7,5,'1978-05-16 00:00:00',74),(66,1,1,'1999-10-06 00:00:00',27),(67,3,1,'1975-07-07 00:00:00',87),(68,5,3,'2015-01-06 00:00:00',58),(69,5,3,'1990-01-23 00:00:00',70),(70,9,1,'2013-03-24 00:00:00',53),(71,10,1,'1998-05-29 00:00:00',4),(72,5,4,'2005-05-08 00:00:00',37),(73,1,5,'1977-03-13 00:00:00',46),(74,3,4,'2018-05-11 00:00:00',47),(75,1,1,'1992-01-11 00:00:00',66),(76,7,3,'1979-04-14 00:00:00',82),(77,4,1,'1996-10-06 00:00:00',61),(78,6,4,'1988-04-06 00:00:00',73),(79,6,5,'2002-10-17 00:00:00',40),(80,5,1,'1972-12-01 00:00:00',81),(81,5,2,'1995-08-18 00:00:00',19),(82,10,1,'1970-06-16 00:00:00',42),(83,9,2,'1997-08-29 00:00:00',24),(84,9,4,'1971-11-13 00:00:00',76),(85,5,1,'2012-08-08 00:00:00',14),(86,9,3,'1985-02-07 00:00:00',80),(87,9,2,'2017-02-17 00:00:00',27),(88,2,5,'2014-01-23 00:00:00',9),(89,3,2,'2006-01-18 00:00:00',77),(90,6,3,'2008-05-23 00:00:00',32),(91,7,3,'2007-10-20 00:00:00',45),(92,6,5,'1974-04-27 00:00:00',73),(93,6,5,'2009-08-23 00:00:00',86),(94,4,1,'1974-04-21 00:00:00',11),(95,7,3,'2005-04-29 00:00:00',89),(96,1,2,'1995-05-04 00:00:00',52),(97,7,5,'1994-10-07 00:00:00',53),(98,9,5,'2018-10-21 00:00:00',5),(99,7,4,'2003-04-21 00:00:00',71),(100,5,1,'1972-10-12 00:00:00',23),(101,9,4,'2014-03-04 00:00:00',10),(102,1,4,'1974-01-28 00:00:00',45),(103,4,5,'1970-01-07 00:00:00',16),(104,10,3,'2016-06-26 00:00:00',64),(105,6,2,'1971-04-26 00:00:00',98),(106,7,1,'2012-02-22 00:00:00',34),(107,9,3,'2006-07-05 00:00:00',99),(108,9,2,'2015-11-01 00:00:00',12),(109,10,3,'1984-12-24 00:00:00',28),(110,1,3,'2010-02-08 00:00:00',75),(111,4,3,'1978-03-11 00:00:00',37),(112,10,2,'1996-03-11 00:00:00',39),(113,9,2,'1988-11-28 00:00:00',51),(114,5,3,'2004-06-15 00:00:00',1),(115,10,4,'2007-10-17 00:00:00',6),(116,4,4,'1985-10-15 00:00:00',30),(117,6,5,'1987-05-12 00:00:00',15),(118,2,2,'1990-04-16 00:00:00',64),(119,6,4,'2014-11-09 00:00:00',36),(120,8,2,'2013-04-06 00:00:00',65),(121,3,3,'1974-04-19 00:00:00',36),(122,10,4,'1975-02-24 00:00:00',78),(123,1,5,'2020-09-04 00:00:00',59),(124,4,2,'2011-08-16 00:00:00',59),(125,2,5,'1989-10-24 00:00:00',33),(126,3,4,'1992-08-27 00:00:00',57),(127,6,1,'2015-09-02 00:00:00',88),(128,7,5,'1993-04-08 00:00:00',71),(129,4,5,'1998-11-12 00:00:00',70),(130,2,2,'2002-05-03 00:00:00',74),(131,7,2,'2013-06-08 00:00:00',22),(132,5,4,'1972-07-19 00:00:00',82),(133,6,5,'2001-01-20 00:00:00',86),(134,9,3,'1998-05-13 00:00:00',74),(135,2,1,'2006-10-12 00:00:00',67),(136,2,2,'1992-02-29 00:00:00',82),(137,8,5,'2020-09-23 00:00:00',22),(138,5,3,'1984-05-30 00:00:00',35),(139,4,5,'1984-02-28 00:00:00',59),(140,7,5,'2019-05-23 00:00:00',38),(141,10,3,'1983-08-08 00:00:00',43),(142,5,3,'1988-07-18 00:00:00',2),(143,3,4,'1970-11-01 00:00:00',77),(144,7,1,'2014-06-23 00:00:00',65),(145,3,1,'1997-12-29 00:00:00',27),(146,8,2,'2006-02-09 00:00:00',89),(147,8,4,'2013-08-06 00:00:00',58),(148,9,5,'1972-01-30 00:00:00',8),(149,10,1,'2001-11-24 00:00:00',53),(150,9,4,'1970-07-12 00:00:00',36),(151,3,4,'1988-07-17 00:00:00',39),(152,10,4,'1999-06-24 00:00:00',32),(153,10,2,'2019-12-03 00:00:00',46),(154,10,4,'1971-01-05 00:00:00',39),(155,7,4,'2009-10-29 00:00:00',25),(156,7,4,'1973-09-09 00:00:00',97),(157,3,1,'2010-08-04 00:00:00',32),(158,8,5,'2011-01-23 00:00:00',53),(159,6,3,'1997-09-18 00:00:00',69),(160,1,3,'1998-09-23 00:00:00',9),(161,7,4,'1981-06-02 00:00:00',25),(162,9,5,'1976-01-05 00:00:00',21),(163,1,2,'2000-06-04 00:00:00',73),(164,2,2,'1986-01-04 00:00:00',7),(165,7,2,'2009-07-30 00:00:00',80),(166,5,1,'1972-08-22 00:00:00',70),(167,8,5,'1985-06-03 00:00:00',87),(168,1,2,'2012-09-13 00:00:00',82),(169,9,5,'1976-06-26 00:00:00',14),(170,2,1,'1987-11-10 00:00:00',98),(171,9,4,'1970-07-31 00:00:00',69),(172,10,2,'1984-04-11 00:00:00',71),(173,6,1,'2013-05-12 00:00:00',24),(174,10,5,'2011-04-04 00:00:00',80),(175,9,5,'1997-03-15 00:00:00',59),(176,3,4,'1996-02-13 00:00:00',98),(177,1,3,'2007-03-31 00:00:00',25),(178,9,3,'1971-10-06 00:00:00',14),(179,6,4,'1982-10-30 00:00:00',11),(180,2,3,'2014-01-27 00:00:00',94),(181,10,5,'1979-09-22 00:00:00',97),(182,7,4,'2019-11-06 00:00:00',23),(183,4,4,'1976-08-09 00:00:00',48),(184,7,5,'1993-01-03 00:00:00',27),(185,10,2,'1976-12-03 00:00:00',40),(186,4,2,'2006-05-31 00:00:00',7),(187,10,3,'1975-06-24 00:00:00',64),(188,9,2,'1976-04-11 00:00:00',64),(189,6,5,'1977-12-01 00:00:00',14),(190,5,3,'2000-10-05 00:00:00',11),(191,6,3,'1972-02-26 00:00:00',67),(192,3,3,'1983-09-27 00:00:00',91),(193,1,3,'1997-06-11 00:00:00',2),(194,10,3,'2013-11-16 00:00:00',31),(195,6,3,'1997-01-08 00:00:00',18),(196,8,5,'1983-08-25 00:00:00',54),(197,7,5,'2019-12-22 00:00:00',12),(198,5,5,'1992-05-24 00:00:00',93),(199,6,3,'2015-01-25 00:00:00',99),(200,3,3,'2010-01-05 00:00:00',82);
/*!40000 ALTER TABLE `transacoes` ENABLE KEYS */;
UNLOCK TABLES;

--
-- Table structure for table `unidades`
--

DROP TABLE IF EXISTS `unidades`;
/*!40101 SET @saved_cs_client     = @@character_set_client */;
/*!50503 SET character_set_client = utf8mb4 */;
CREATE TABLE `unidades` (
  `id_unidade` int NOT NULL AUTO_INCREMENT,
  `razao_social` varchar(100) DEFAULT NULL,
  `nome_fantasia` varchar(100) DEFAULT NULL,
  `cnpj` varchar(20) DEFAULT NULL,
  `telefone` varchar(20) DEFAULT NULL,
  `celular` varchar(20) DEFAULT NULL,
  `email` varchar(100) DEFAULT NULL,
  `bairro` varchar(100) DEFAULT NULL,
  `rua` varchar(100) DEFAULT NULL,
  `numero` varchar(10) DEFAULT NULL,
  `estado` varchar(2) DEFAULT NULL,
  `CEP` varchar(20) DEFAULT NULL,
  `cidade` varchar(100) DEFAULT NULL,
  PRIMARY KEY (`id_unidade`)
) ENGINE=InnoDB AUTO_INCREMENT=11 DEFAULT CHARSET=utf8mb4 COLLATE=utf8mb4_0900_ai_ci;
/*!40101 SET character_set_client = @saved_cs_client */;

--
-- Dumping data for table `unidades`
--

LOCK TABLES `unidades` WRITE;
/*!40000 ALTER TABLE `unidades` DISABLE KEYS */;
INSERT INTO `unidades` VALUES (1,'PetMall Vila São Gabriel S.A.','PetMall Vila São Gabriel','95.024.318/0001-19','+55 (021) 2248 1009','+55 (097) 99088 8369','pporto@teixeira.br','Vila São Gabriel','Alameda de Alves','27','MS','93043186','Martins Verde'),(2,'PetMall Estrela Do Oriente S.A.','PetMall Estrela Do Oriente','07.396.184/0001-08','(081) 7315 6378','+55 (40) 96896 5041','freitasmariane@correia.org','Estrela Do Oriente','Parque de da Cruz','26','AM','34187-761','Oliveira de da Mata'),(3,'PetMall Santa Amelia - EI','PetMall Santa Amelia','35.826.170/0001-04','+55 61 9200-7107','+55 (80) 91451-2407','nribeiro@mendes.org','Santa Amelia','Lago da Cruz','28','AM','20025-796','Cardoso de Alves'),(4,'PetMall Vila Jardim Leblon - ME','PetMall Vila Jardim Leblon','32.679.514/0001-01','+55 81 6165 9343','+55 (022) 96220-5056','cunhayuri@hotmail.com','Vila Jardim Leblon','Fazenda Júlia Melo','98','SC','75382842','Nascimento'),(5,'PetMall Padre Eustáquio Ltda.','PetMall Padre Eustáquio','75.936.201/0001-02','+55 84 0144-8426','+55 (09) 9 0427 9164','tbarbosa@hotmail.com','Padre Eustáquio','Recanto Pereira','24','AP','25597580','das Neves'),(6,'PetMall Bom Jesus Ltda.','PetMall Bom Jesus','98.716.532/0001-24','+55 31 6334-6820','+55 74 92264 6232','gmonteiro@uol.com.br','Bom Jesus','Quadra Gabrielly Souza','66','AP','60122-044','Souza'),(7,'PetMall Boa Viagem - ME','PetMall Boa Viagem','47.562.901/0001-30','61 0183 6309','+55 (46) 93358 0510','maria-luiza48@gmail.com','Boa Viagem','Feira Ramos','317','MS','11258-783','Gomes'),(8,'PetMall Silveira S.A.','PetMall Silveira','03.492.176/0001-04','(061) 3614-6496','+55 (85) 98931-6840','thomas65@costa.com','Silveira','Lagoa Catarina da Cruz','70','RR','63488-246','Castro da Serra'),(9,'PetMall Cabana Do Pai Tomás S.A.','PetMall Cabana Do Pai Tomás','28.570.614/0001-28','+55 (084) 0788 1029','+55 21 99666-0594','laracostela@castro.net','Cabana Do Pai Tomás','Recanto de Pires','60','PA','10968-291','da Rosa'),(10,'PetMall Araguaia S/A','PetMall Araguaia','54.798.160/0001-57','81 2176 9499','+55 (28) 98240-4070','almeidaemanuel@cardoso.br','Araguaia','Alameda Erick Moreira','4','MS','54884-833','Pinto');
/*!40000 ALTER TABLE `unidades` ENABLE KEYS */;
UNLOCK TABLES;
/*!40103 SET TIME_ZONE=@OLD_TIME_ZONE */;

/*!40101 SET SQL_MODE=@OLD_SQL_MODE */;
/*!40014 SET FOREIGN_KEY_CHECKS=@OLD_FOREIGN_KEY_CHECKS */;
/*!40014 SET UNIQUE_CHECKS=@OLD_UNIQUE_CHECKS */;
/*!40101 SET CHARACTER_SET_CLIENT=@OLD_CHARACTER_SET_CLIENT */;
/*!40101 SET CHARACTER_SET_RESULTS=@OLD_CHARACTER_SET_RESULTS */;
/*!40101 SET COLLATION_CONNECTION=@OLD_COLLATION_CONNECTION */;
/*!40111 SET SQL_NOTES=@OLD_SQL_NOTES */;

-- Dump completed on 2021-04-08 10:09:33
